-- MySQL dump 10.13  Distrib 5.7.28, for Win64 (x86_64)
--
-- Host: localhost    Database: eat1
-- ------------------------------------------------------
-- Server version	5.7.28

/*!40101 SET @OLD_CHARACTER_SET_CLIENT=@@CHARACTER_SET_CLIENT */;
/*!40101 SET @OLD_CHARACTER_SET_RESULTS=@@CHARACTER_SET_RESULTS */;
/*!40101 SET @OLD_COLLATION_CONNECTION=@@COLLATION_CONNECTION */;
/*!40101 SET NAMES utf8 */;
/*!40103 SET @OLD_TIME_ZONE=@@TIME_ZONE */;
/*!40103 SET TIME_ZONE='+00:00' */;
/*!40014 SET @OLD_UNIQUE_CHECKS=@@UNIQUE_CHECKS, UNIQUE_CHECKS=0 */;
/*!40014 SET @OLD_FOREIGN_KEY_CHECKS=@@FOREIGN_KEY_CHECKS, FOREIGN_KEY_CHECKS=0 */;
/*!40101 SET @OLD_SQL_MODE=@@SQL_MODE, SQL_MODE='NO_AUTO_VALUE_ON_ZERO' */;
/*!40111 SET @OLD_SQL_NOTES=@@SQL_NOTES, SQL_NOTES=0 */;

--
-- Table structure for table `auth_group`
--

DROP TABLE IF EXISTS `auth_group`;
/*!40101 SET @saved_cs_client     = @@character_set_client */;
/*!40101 SET character_set_client = utf8 */;
CREATE TABLE `auth_group` (
  `id` int(11) NOT NULL AUTO_INCREMENT,
  `name` varchar(150) NOT NULL,
  PRIMARY KEY (`id`),
  UNIQUE KEY `name` (`name`)
) ENGINE=InnoDB DEFAULT CHARSET=utf8;
/*!40101 SET character_set_client = @saved_cs_client */;

--
-- Dumping data for table `auth_group`
--

LOCK TABLES `auth_group` WRITE;
/*!40000 ALTER TABLE `auth_group` DISABLE KEYS */;
/*!40000 ALTER TABLE `auth_group` ENABLE KEYS */;
UNLOCK TABLES;

--
-- Table structure for table `auth_group_permissions`
--

DROP TABLE IF EXISTS `auth_group_permissions`;
/*!40101 SET @saved_cs_client     = @@character_set_client */;
/*!40101 SET character_set_client = utf8 */;
CREATE TABLE `auth_group_permissions` (
  `id` int(11) NOT NULL AUTO_INCREMENT,
  `group_id` int(11) NOT NULL,
  `permission_id` int(11) NOT NULL,
  PRIMARY KEY (`id`),
  UNIQUE KEY `auth_group_permissions_group_id_permission_id_0cd325b0_uniq` (`group_id`,`permission_id`),
  KEY `auth_group_permissio_permission_id_84c5c92e_fk_auth_perm` (`permission_id`),
  CONSTRAINT `auth_group_permissio_permission_id_84c5c92e_fk_auth_perm` FOREIGN KEY (`permission_id`) REFERENCES `auth_permission` (`id`),
  CONSTRAINT `auth_group_permissions_group_id_b120cbf9_fk_auth_group_id` FOREIGN KEY (`group_id`) REFERENCES `auth_group` (`id`)
) ENGINE=InnoDB DEFAULT CHARSET=utf8;
/*!40101 SET character_set_client = @saved_cs_client */;

--
-- Dumping data for table `auth_group_permissions`
--

LOCK TABLES `auth_group_permissions` WRITE;
/*!40000 ALTER TABLE `auth_group_permissions` DISABLE KEYS */;
/*!40000 ALTER TABLE `auth_group_permissions` ENABLE KEYS */;
UNLOCK TABLES;

--
-- Table structure for table `auth_permission`
--

DROP TABLE IF EXISTS `auth_permission`;
/*!40101 SET @saved_cs_client     = @@character_set_client */;
/*!40101 SET character_set_client = utf8 */;
CREATE TABLE `auth_permission` (
  `id` int(11) NOT NULL AUTO_INCREMENT,
  `name` varchar(255) NOT NULL,
  `content_type_id` int(11) NOT NULL,
  `codename` varchar(100) NOT NULL,
  PRIMARY KEY (`id`),
  UNIQUE KEY `auth_permission_content_type_id_codename_01ab375a_uniq` (`content_type_id`,`codename`),
  CONSTRAINT `auth_permission_content_type_id_2f476e4b_fk_django_co` FOREIGN KEY (`content_type_id`) REFERENCES `django_content_type` (`id`)
) ENGINE=InnoDB AUTO_INCREMENT=57 DEFAULT CHARSET=utf8;
/*!40101 SET character_set_client = @saved_cs_client */;

--
-- Dumping data for table `auth_permission`
--

LOCK TABLES `auth_permission` WRITE;
/*!40000 ALTER TABLE `auth_permission` DISABLE KEYS */;
INSERT INTO `auth_permission` VALUES (1,'Can add log entry',1,'add_logentry'),(2,'Can change log entry',1,'change_logentry'),(3,'Can delete log entry',1,'delete_logentry'),(4,'Can view log entry',1,'view_logentry'),(5,'Can add permission',2,'add_permission'),(6,'Can change permission',2,'change_permission'),(7,'Can delete permission',2,'delete_permission'),(8,'Can view permission',2,'view_permission'),(9,'Can add group',3,'add_group'),(10,'Can change group',3,'change_group'),(11,'Can delete group',3,'delete_group'),(12,'Can view group',3,'view_group'),(13,'Can add user',4,'add_user'),(14,'Can change user',4,'change_user'),(15,'Can delete user',4,'delete_user'),(16,'Can view user',4,'view_user'),(17,'Can add content type',5,'add_contenttype'),(18,'Can change content type',5,'change_contenttype'),(19,'Can delete content type',5,'delete_contenttype'),(20,'Can view content type',5,'view_contenttype'),(21,'Can add session',6,'add_session'),(22,'Can change session',6,'change_session'),(23,'Can delete session',6,'delete_session'),(24,'Can view session',6,'view_session'),(25,'Can add admin',7,'add_admin'),(26,'Can change admin',7,'change_admin'),(27,'Can delete admin',7,'delete_admin'),(28,'Can view admin',7,'view_admin'),(29,'Can add category',8,'add_category'),(30,'Can change category',8,'change_category'),(31,'Can delete category',8,'delete_category'),(32,'Can view category',8,'view_category'),(33,'Can add user',9,'add_user'),(34,'Can change user',9,'change_user'),(35,'Can delete user',9,'delete_user'),(36,'Can view user',9,'view_user'),(37,'Can add record',10,'add_record'),(38,'Can change record',10,'change_record'),(39,'Can delete record',10,'delete_record'),(40,'Can view record',10,'view_record'),(41,'Can add food',11,'add_food'),(42,'Can change food',11,'change_food'),(43,'Can delete food',11,'delete_food'),(44,'Can view food',11,'view_food'),(45,'Can add add food',12,'add_addfood'),(46,'Can change add food',12,'change_addfood'),(47,'Can delete add food',12,'delete_addfood'),(48,'Can view add food',12,'view_addfood'),(49,'Can add ads',13,'add_ads'),(50,'Can change ads',13,'change_ads'),(51,'Can delete ads',13,'delete_ads'),(52,'Can view ads',13,'view_ads'),(53,'Can add ad postion',14,'add_adpostion'),(54,'Can change ad postion',14,'change_adpostion'),(55,'Can delete ad postion',14,'delete_adpostion'),(56,'Can view ad postion',14,'view_adpostion');
/*!40000 ALTER TABLE `auth_permission` ENABLE KEYS */;
UNLOCK TABLES;

--
-- Table structure for table `auth_user`
--

DROP TABLE IF EXISTS `auth_user`;
/*!40101 SET @saved_cs_client     = @@character_set_client */;
/*!40101 SET character_set_client = utf8 */;
CREATE TABLE `auth_user` (
  `id` int(11) NOT NULL AUTO_INCREMENT,
  `password` varchar(128) NOT NULL,
  `last_login` datetime(6) DEFAULT NULL,
  `is_superuser` tinyint(1) NOT NULL,
  `username` varchar(150) NOT NULL,
  `first_name` varchar(30) NOT NULL,
  `last_name` varchar(150) NOT NULL,
  `email` varchar(254) NOT NULL,
  `is_staff` tinyint(1) NOT NULL,
  `is_active` tinyint(1) NOT NULL,
  `date_joined` datetime(6) NOT NULL,
  PRIMARY KEY (`id`),
  UNIQUE KEY `username` (`username`)
) ENGINE=InnoDB DEFAULT CHARSET=utf8;
/*!40101 SET character_set_client = @saved_cs_client */;

--
-- Dumping data for table `auth_user`
--

LOCK TABLES `auth_user` WRITE;
/*!40000 ALTER TABLE `auth_user` DISABLE KEYS */;
/*!40000 ALTER TABLE `auth_user` ENABLE KEYS */;
UNLOCK TABLES;

--
-- Table structure for table `auth_user_groups`
--

DROP TABLE IF EXISTS `auth_user_groups`;
/*!40101 SET @saved_cs_client     = @@character_set_client */;
/*!40101 SET character_set_client = utf8 */;
CREATE TABLE `auth_user_groups` (
  `id` int(11) NOT NULL AUTO_INCREMENT,
  `user_id` int(11) NOT NULL,
  `group_id` int(11) NOT NULL,
  PRIMARY KEY (`id`),
  UNIQUE KEY `auth_user_groups_user_id_group_id_94350c0c_uniq` (`user_id`,`group_id`),
  KEY `auth_user_groups_group_id_97559544_fk_auth_group_id` (`group_id`),
  CONSTRAINT `auth_user_groups_group_id_97559544_fk_auth_group_id` FOREIGN KEY (`group_id`) REFERENCES `auth_group` (`id`),
  CONSTRAINT `auth_user_groups_user_id_6a12ed8b_fk_auth_user_id` FOREIGN KEY (`user_id`) REFERENCES `auth_user` (`id`)
) ENGINE=InnoDB DEFAULT CHARSET=utf8;
/*!40101 SET character_set_client = @saved_cs_client */;

--
-- Dumping data for table `auth_user_groups`
--

LOCK TABLES `auth_user_groups` WRITE;
/*!40000 ALTER TABLE `auth_user_groups` DISABLE KEYS */;
/*!40000 ALTER TABLE `auth_user_groups` ENABLE KEYS */;
UNLOCK TABLES;

--
-- Table structure for table `auth_user_user_permissions`
--

DROP TABLE IF EXISTS `auth_user_user_permissions`;
/*!40101 SET @saved_cs_client     = @@character_set_client */;
/*!40101 SET character_set_client = utf8 */;
CREATE TABLE `auth_user_user_permissions` (
  `id` int(11) NOT NULL AUTO_INCREMENT,
  `user_id` int(11) NOT NULL,
  `permission_id` int(11) NOT NULL,
  PRIMARY KEY (`id`),
  UNIQUE KEY `auth_user_user_permissions_user_id_permission_id_14a6b632_uniq` (`user_id`,`permission_id`),
  KEY `auth_user_user_permi_permission_id_1fbb5f2c_fk_auth_perm` (`permission_id`),
  CONSTRAINT `auth_user_user_permi_permission_id_1fbb5f2c_fk_auth_perm` FOREIGN KEY (`permission_id`) REFERENCES `auth_permission` (`id`),
  CONSTRAINT `auth_user_user_permissions_user_id_a95ead1b_fk_auth_user_id` FOREIGN KEY (`user_id`) REFERENCES `auth_user` (`id`)
) ENGINE=InnoDB DEFAULT CHARSET=utf8;
/*!40101 SET character_set_client = @saved_cs_client */;

--
-- Dumping data for table `auth_user_user_permissions`
--

LOCK TABLES `auth_user_user_permissions` WRITE;
/*!40000 ALTER TABLE `auth_user_user_permissions` DISABLE KEYS */;
/*!40000 ALTER TABLE `auth_user_user_permissions` ENABLE KEYS */;
UNLOCK TABLES;

--
-- Table structure for table `django_admin_log`
--

DROP TABLE IF EXISTS `django_admin_log`;
/*!40101 SET @saved_cs_client     = @@character_set_client */;
/*!40101 SET character_set_client = utf8 */;
CREATE TABLE `django_admin_log` (
  `id` int(11) NOT NULL AUTO_INCREMENT,
  `action_time` datetime(6) NOT NULL,
  `object_id` longtext,
  `object_repr` varchar(200) NOT NULL,
  `action_flag` smallint(5) unsigned NOT NULL,
  `change_message` longtext NOT NULL,
  `content_type_id` int(11) DEFAULT NULL,
  `user_id` int(11) NOT NULL,
  PRIMARY KEY (`id`),
  KEY `django_admin_log_content_type_id_c4bce8eb_fk_django_co` (`content_type_id`),
  KEY `django_admin_log_user_id_c564eba6_fk_auth_user_id` (`user_id`),
  CONSTRAINT `django_admin_log_content_type_id_c4bce8eb_fk_django_co` FOREIGN KEY (`content_type_id`) REFERENCES `django_content_type` (`id`),
  CONSTRAINT `django_admin_log_user_id_c564eba6_fk_auth_user_id` FOREIGN KEY (`user_id`) REFERENCES `auth_user` (`id`)
) ENGINE=InnoDB DEFAULT CHARSET=utf8;
/*!40101 SET character_set_client = @saved_cs_client */;

--
-- Dumping data for table `django_admin_log`
--

LOCK TABLES `django_admin_log` WRITE;
/*!40000 ALTER TABLE `django_admin_log` DISABLE KEYS */;
/*!40000 ALTER TABLE `django_admin_log` ENABLE KEYS */;
UNLOCK TABLES;

--
-- Table structure for table `django_content_type`
--

DROP TABLE IF EXISTS `django_content_type`;
/*!40101 SET @saved_cs_client     = @@character_set_client */;
/*!40101 SET character_set_client = utf8 */;
CREATE TABLE `django_content_type` (
  `id` int(11) NOT NULL AUTO_INCREMENT,
  `app_label` varchar(100) NOT NULL,
  `model` varchar(100) NOT NULL,
  PRIMARY KEY (`id`),
  UNIQUE KEY `django_content_type_app_label_model_76bd3d3b_uniq` (`app_label`,`model`)
) ENGINE=InnoDB AUTO_INCREMENT=15 DEFAULT CHARSET=utf8;
/*!40101 SET character_set_client = @saved_cs_client */;

--
-- Dumping data for table `django_content_type`
--

LOCK TABLES `django_content_type` WRITE;
/*!40000 ALTER TABLE `django_content_type` DISABLE KEYS */;
INSERT INTO `django_content_type` VALUES (1,'admin','logentry'),(3,'auth','group'),(2,'auth','permission'),(4,'auth','user'),(5,'contenttypes','contenttype'),(12,'eatms','addfood'),(7,'eatms','admin'),(14,'eatms','adpostion'),(13,'eatms','ads'),(8,'eatms','category'),(11,'eatms','food'),(10,'eatms','record'),(9,'eatms','user'),(6,'sessions','session');
/*!40000 ALTER TABLE `django_content_type` ENABLE KEYS */;
UNLOCK TABLES;

--
-- Table structure for table `django_migrations`
--

DROP TABLE IF EXISTS `django_migrations`;
/*!40101 SET @saved_cs_client     = @@character_set_client */;
/*!40101 SET character_set_client = utf8 */;
CREATE TABLE `django_migrations` (
  `id` int(11) NOT NULL AUTO_INCREMENT,
  `app` varchar(255) NOT NULL,
  `name` varchar(255) NOT NULL,
  `applied` datetime(6) NOT NULL,
  PRIMARY KEY (`id`)
) ENGINE=InnoDB AUTO_INCREMENT=20 DEFAULT CHARSET=utf8;
/*!40101 SET character_set_client = @saved_cs_client */;

--
-- Dumping data for table `django_migrations`
--

LOCK TABLES `django_migrations` WRITE;
/*!40000 ALTER TABLE `django_migrations` DISABLE KEYS */;
INSERT INTO `django_migrations` VALUES (1,'contenttypes','0001_initial','2020-01-07 05:42:01.685670'),(2,'auth','0001_initial','2020-01-07 05:42:02.439602'),(3,'admin','0001_initial','2020-01-07 05:42:04.591374'),(4,'admin','0002_logentry_remove_auto_add','2020-01-07 05:42:05.132505'),(5,'admin','0003_logentry_add_action_flag_choices','2020-01-07 05:42:05.158473'),(6,'contenttypes','0002_remove_content_type_name','2020-01-07 05:42:05.533511'),(7,'auth','0002_alter_permission_name_max_length','2020-01-07 05:42:05.780372'),(8,'auth','0003_alter_user_email_max_length','2020-01-07 05:42:06.017249'),(9,'auth','0004_alter_user_username_opts','2020-01-07 05:42:06.036238'),(10,'auth','0005_alter_user_last_login_null','2020-01-07 05:42:06.186139'),(11,'auth','0006_require_contenttypes_0002','2020-01-07 05:42:06.198133'),(12,'auth','0007_alter_validators_add_error_messages','2020-01-07 05:42:06.221136'),(13,'auth','0008_alter_user_username_max_length','2020-01-07 05:42:06.411011'),(14,'auth','0009_alter_user_last_name_max_length','2020-01-07 05:42:06.613893'),(15,'auth','0010_alter_group_name_max_length','2020-01-07 05:42:06.815807'),(16,'auth','0011_update_proxy_permissions','2020-01-07 05:42:06.848802'),(17,'eatms','0001_initial','2020-01-07 05:42:07.378484'),(18,'sessions','0001_initial','2020-01-07 05:42:08.280676'),(19,'eatms','0002_adpostion_ads','2020-01-07 08:23:37.600683');
/*!40000 ALTER TABLE `django_migrations` ENABLE KEYS */;
UNLOCK TABLES;

--
-- Table structure for table `django_session`
--

DROP TABLE IF EXISTS `django_session`;
/*!40101 SET @saved_cs_client     = @@character_set_client */;
/*!40101 SET character_set_client = utf8 */;
CREATE TABLE `django_session` (
  `session_key` varchar(40) NOT NULL,
  `session_data` longtext NOT NULL,
  `expire_date` datetime(6) NOT NULL,
  PRIMARY KEY (`session_key`),
  KEY `django_session_expire_date_a5c62663` (`expire_date`)
) ENGINE=InnoDB DEFAULT CHARSET=utf8;
/*!40101 SET character_set_client = @saved_cs_client */;

--
-- Dumping data for table `django_session`
--

LOCK TABLES `django_session` WRITE;
/*!40000 ALTER TABLE `django_session` DISABLE KEYS */;
/*!40000 ALTER TABLE `django_session` ENABLE KEYS */;
UNLOCK TABLES;

--
-- Table structure for table `eatms_addfood`
--

DROP TABLE IF EXISTS `eatms_addfood`;
/*!40101 SET @saved_cs_client     = @@character_set_client */;
/*!40101 SET character_set_client = utf8 */;
CREATE TABLE `eatms_addfood` (
  `id` int(11) NOT NULL AUTO_INCREMENT,
  `name` varchar(255) NOT NULL,
  `addtime` date NOT NULL,
  `category_id` int(11) NOT NULL,
  `user_id` int(11) NOT NULL,
  PRIMARY KEY (`id`),
  KEY `eatms_addfood_category_id_1b97d095_fk_eatms_category_id` (`category_id`),
  KEY `eatms_addfood_user_id_427f0dac_fk_eatms_user_id` (`user_id`),
  CONSTRAINT `eatms_addfood_category_id_1b97d095_fk_eatms_category_id` FOREIGN KEY (`category_id`) REFERENCES `eatms_category` (`id`),
  CONSTRAINT `eatms_addfood_user_id_427f0dac_fk_eatms_user_id` FOREIGN KEY (`user_id`) REFERENCES `eatms_user` (`id`)
) ENGINE=InnoDB AUTO_INCREMENT=31 DEFAULT CHARSET=utf8;
/*!40101 SET character_set_client = @saved_cs_client */;

--
-- Dumping data for table `eatms_addfood`
--

LOCK TABLES `eatms_addfood` WRITE;
/*!40000 ALTER TABLE `eatms_addfood` DISABLE KEYS */;
INSERT INTO `eatms_addfood` VALUES (1,'地锅鸡0','2020-01-03',2,4),(2,'地锅鸡1','2020-01-03',2,4),(3,'地锅鸡2','2020-01-03',2,4),(4,'地锅鸡3','2020-01-03',2,4),(5,'地锅鸡4','2020-01-03',2,4),(6,'地锅鸡5','2020-01-03',2,4),(7,'地锅鸡6','2020-01-03',2,4),(8,'地锅鸡7','2020-01-03',2,4),(9,'地锅鸡8','2020-01-03',2,4),(10,'地锅鸡9','2020-01-03',2,4),(11,'地锅鸡10','2020-01-03',2,4),(12,'地锅鸡11','2020-01-03',2,4),(13,'地锅鸡12','2020-01-03',2,4),(14,'地锅鸡13','2020-01-03',2,4),(15,'地锅鸡14','2020-01-03',2,4),(16,'地锅鸡15','2020-01-03',2,4),(17,'地锅鸡16','2020-01-03',2,4),(18,'地锅鸡17','2020-01-03',2,4),(19,'地锅鸡18','2020-01-03',2,4),(20,'地锅鸡19','2020-01-03',2,4),(21,'地锅鸡20','2020-01-03',2,4),(22,'地锅鸡21','2020-01-03',2,4),(23,'地锅鸡22','2020-01-03',2,4),(24,'地锅鸡23','2020-01-03',2,4),(25,'地锅鸡24','2020-01-03',2,4),(26,'地锅鸡25','2020-01-03',2,4),(27,'地锅鸡26','2020-01-03',2,4),(28,'地锅鸡27','2020-01-03',2,4),(29,'地锅鸡28','2020-01-03',2,4),(30,'地锅鸡29','2020-01-03',2,4);
/*!40000 ALTER TABLE `eatms_addfood` ENABLE KEYS */;
UNLOCK TABLES;

--
-- Table structure for table `eatms_admin`
--

DROP TABLE IF EXISTS `eatms_admin`;
/*!40101 SET @saved_cs_client     = @@character_set_client */;
/*!40101 SET character_set_client = utf8 */;
CREATE TABLE `eatms_admin` (
  `id` int(11) NOT NULL AUTO_INCREMENT,
  `name` varchar(100) NOT NULL,
  `pwd` varchar(100) NOT NULL,
  PRIMARY KEY (`id`)
) ENGINE=InnoDB AUTO_INCREMENT=2 DEFAULT CHARSET=utf8;
/*!40101 SET character_set_client = @saved_cs_client */;

--
-- Dumping data for table `eatms_admin`
--

LOCK TABLES `eatms_admin` WRITE;
/*!40000 ALTER TABLE `eatms_admin` DISABLE KEYS */;
INSERT INTO `eatms_admin` VALUES (1,'admin','23fa41d580aa250fa194009b08f88f72');
/*!40000 ALTER TABLE `eatms_admin` ENABLE KEYS */;
UNLOCK TABLES;

--
-- Table structure for table `eatms_adpostion`
--

DROP TABLE IF EXISTS `eatms_adpostion`;
/*!40101 SET @saved_cs_client     = @@character_set_client */;
/*!40101 SET character_set_client = utf8 */;
CREATE TABLE `eatms_adpostion` (
  `id` int(11) NOT NULL AUTO_INCREMENT,
  `name` varchar(32) NOT NULL,
  `postion` int(11) NOT NULL,
  `width` int(11) NOT NULL,
  `height` int(11) NOT NULL,
  `flag` tinyint(1) NOT NULL,
  PRIMARY KEY (`id`)
) ENGINE=InnoDB AUTO_INCREMENT=9 DEFAULT CHARSET=utf8;
/*!40101 SET character_set_client = @saved_cs_client */;

--
-- Dumping data for table `eatms_adpostion`
--

LOCK TABLES `eatms_adpostion` WRITE;
/*!40000 ALTER TABLE `eatms_adpostion` DISABLE KEYS */;
INSERT INTO `eatms_adpostion` VALUES (1,'首页顶部轮播广告',1,1000,400,0),(2,'首页底部广告',2,1000,100,0),(3,'登陆页广告',3,1000,200,0),(4,'我的页面广告',4,1000,250,0),(5,'选择页面广告',5,1000,150,0),(6,'菜谱列表页广告',6,1000,100,0),(7,'菜谱详情页广告',7,1000,300,0),(8,'附近餐馆列表页广告',8,1000,350,0);
/*!40000 ALTER TABLE `eatms_adpostion` ENABLE KEYS */;
UNLOCK TABLES;

--
-- Table structure for table `eatms_ads`
--

DROP TABLE IF EXISTS `eatms_ads`;
/*!40101 SET @saved_cs_client     = @@character_set_client */;
/*!40101 SET character_set_client = utf8 */;
CREATE TABLE `eatms_ads` (
  `id` int(11) NOT NULL AUTO_INCREMENT,
  `title` varchar(255) DEFAULT NULL,
  `url` varchar(200) DEFAULT NULL,
  `img` varchar(255) DEFAULT NULL,
  `startdate` date NOT NULL,
  `enddate` date NOT NULL,
  `flag` tinyint(1) NOT NULL,
  `createtime` date NOT NULL,
  `postion_id` int(11) NOT NULL,
  PRIMARY KEY (`id`),
  KEY `eatms_ads_postion_id_a3409dba_fk_eatms_adpostion_id` (`postion_id`),
  CONSTRAINT `eatms_ads_postion_id_a3409dba_fk_eatms_adpostion_id` FOREIGN KEY (`postion_id`) REFERENCES `eatms_adpostion` (`id`)
) ENGINE=InnoDB AUTO_INCREMENT=110 DEFAULT CHARSET=utf8;
/*!40101 SET character_set_client = @saved_cs_client */;

--
-- Dumping data for table `eatms_ads`
--

LOCK TABLES `eatms_ads` WRITE;
/*!40000 ALTER TABLE `eatms_ads` DISABLE KEYS */;
INSERT INTO `eatms_ads` VALUES (3,'广告0','http//:www.guanggao0.com','/upload/ads/img0','2020-01-08','2020-01-08',0,'2020-01-08',1),(4,'广告1','http//:www.guanggao1.com','/upload/ads/img1','2020-01-08','2020-01-08',1,'2020-01-09',2),(5,'广告2','http//:www.guanggao2.com','/upload/ads/img2','2020-01-08','2020-01-08',1,'2020-01-09',3),(6,'广告3','http//:www.guanggao3.com','/upload/ads/img3','2020-01-08','2020-01-08',0,'2020-01-09',4),(7,'广告4','http//:www.guanggao4.com','/upload/ads/img4','2020-01-08','2020-01-08',0,'2020-01-08',5),(8,'广告5','http//:www.guanggao5.com','/upload/ads/img5','2020-01-08','2020-01-08',1,'2020-01-09',6),(9,'广告6','http//:www.guanggao6.com','/upload/ads/img6','2020-01-08','2020-01-08',0,'2020-01-08',7),(10,'广告7','http//:www.guanggao7.com','/upload/ads/img7','2020-01-08','2020-01-08',0,'2020-01-08',8),(11,'广告8','http//:www.guanggao8.com','/upload/ads/img8','2020-01-08','2020-01-08',0,'2020-01-08',1),(12,'广告9','http//:www.guanggao9.com','/upload/ads/img9','2020-01-08','2020-01-08',0,'2020-01-08',2),(14,'广告11','http//:www.guanggao11.com','/upload/ads/img11','2020-01-08','2020-01-08',0,'2020-01-08',4),(15,'广告12','http//:www.guanggao12.com','/upload/ads/img12','2020-01-08','2020-01-08',0,'2020-01-08',5),(16,'广告13','http//:www.guanggao13.com','/upload/ads/img13','2020-01-08','2020-01-08',0,'2020-01-08',6),(17,'广告14','http//:www.guanggao14.com','/upload/ads/img14','2020-01-08','2020-01-08',0,'2020-01-08',7),(18,'广告15','http//:www.guanggao15.com','/upload/ads/img15','2020-01-08','2020-01-08',0,'2020-01-08',8),(19,'广告16','http//:www.guanggao16.com','/upload/ads/img16','2020-01-08','2020-01-08',0,'2020-01-08',1),(20,'广告17','http//:www.guanggao17.com','/upload/ads/img17','2020-01-08','2020-01-08',0,'2020-01-08',2),(21,'广告18','http//:www.guanggao18.com','/upload/ads/img18','2020-01-08','2020-01-08',0,'2020-01-08',3),(22,'广告19','http//:www.guanggao19.com','/upload/ads/img19','2020-01-08','2020-01-08',0,'2020-01-08',4),(23,'广告20','http//:www.guanggao20.com','/upload/ads/img20','2020-01-08','2020-01-08',0,'2020-01-08',5),(24,'广告21','http//:www.guanggao21.com','/upload/ads/img21','2020-01-08','2020-01-08',0,'2020-01-08',6),(25,'广告22','http//:www.guanggao22.com','/upload/ads/img22','2020-01-08','2020-01-08',0,'2020-01-08',7),(26,'广告23','http//:www.guanggao23.com','/upload/ads/img23','2020-01-08','2020-01-08',0,'2020-01-08',8),(27,'广告24','http//:www.guanggao24.com','/upload/ads/img24','2020-01-08','2020-01-08',0,'2020-01-08',1),(28,'广告25','http//:www.guanggao25.com','/upload/ads/img25','2020-01-08','2020-01-08',0,'2020-01-08',2),(29,'广告26','http//:www.guanggao26.com','/upload/ads/img26','2020-01-08','2020-01-08',0,'2020-01-08',3),(30,'广告27','http//:www.guanggao27.com','/upload/ads/img27','2020-01-08','2020-01-08',0,'2020-01-08',4),(31,'广告28','http//:www.guanggao28.com','/upload/ads/img28','2020-01-08','2020-01-08',0,'2020-01-08',5),(32,'广告29','http//:www.guanggao29.com','/upload/ads/img29','2020-01-08','2020-01-08',0,'2020-01-08',6),(33,'广告30','http//:www.guanggao30.com','/upload/ads/img30','2020-01-08','2020-01-08',0,'2020-01-08',7),(34,'广告31','http//:www.guanggao31.com','/upload/ads/img31','2020-01-08','2020-01-08',0,'2020-01-08',8),(35,'广告32','http//:www.guanggao32.com','/upload/ads/img32','2020-01-08','2020-01-08',0,'2020-01-08',1),(36,'广告33','http//:www.guanggao33.com','/upload/ads/img33','2020-01-08','2020-01-08',0,'2020-01-08',2),(37,'广告34','http//:www.guanggao34.com','/upload/ads/img34','2020-01-08','2020-01-08',0,'2020-01-08',3),(38,'广告35','http//:www.guanggao35.com','/upload/ads/img35','2020-01-08','2020-01-08',0,'2020-01-08',4),(39,'广告36','http//:www.guanggao36.com','/upload/ads/img36','2020-01-08','2020-01-08',0,'2020-01-08',5),(40,'广告37','http//:www.guanggao37.com','/upload/ads/img37','2020-01-08','2020-01-08',0,'2020-01-08',6),(41,'广告38','http//:www.guanggao38.com','/upload/ads/img38','2020-01-08','2020-01-08',0,'2020-01-08',7),(42,'广告39','http//:www.guanggao39.com','/upload/ads/img39','2020-01-08','2020-01-08',0,'2020-01-08',8),(43,'广告40','http//:www.guanggao40.com','/upload/ads/img40','2020-01-08','2020-01-08',0,'2020-01-08',1),(44,'广告41','http//:www.guanggao41.com','/upload/ads/img41','2020-01-08','2020-01-08',0,'2020-01-08',2),(45,'广告42','http//:www.guanggao42.com','/upload/ads/img42','2020-01-08','2020-01-08',0,'2020-01-08',3),(46,'广告43','http//:www.guanggao43.com','/upload/ads/img43','2020-01-08','2020-01-08',0,'2020-01-08',4),(47,'广告44','http//:www.guanggao44.com','/upload/ads/img44','2020-01-08','2020-01-08',0,'2020-01-08',5),(48,'广告45','http//:www.guanggao45.com','/upload/ads/img45','2020-01-08','2020-01-08',0,'2020-01-08',6),(49,'广告46','http//:www.guanggao46.com','/upload/ads/img46','2020-01-08','2020-01-08',0,'2020-01-08',7),(50,'广告47','http//:www.guanggao47.com','/upload/ads/img47','2020-01-08','2020-01-08',0,'2020-01-08',8),(51,'广告48','http//:www.guanggao48.com','/upload/ads/img48','2020-01-08','2020-01-08',0,'2020-01-08',1),(52,'广告49','http//:www.guanggao49.com','/upload/ads/img49','2020-01-08','2020-01-08',0,'2020-01-08',2),(53,'广告50','http//:www.guanggao50.com','/upload/ads/img50','2020-01-08','2020-01-08',0,'2020-01-08',3),(54,'广告51','http//:www.guanggao51.com','/upload/ads/img51','2020-01-08','2020-01-08',0,'2020-01-08',4),(55,'广告52','http//:www.guanggao52.com','/upload/ads/img52','2020-01-08','2020-01-08',0,'2020-01-08',5),(56,'广告53','http//:www.guanggao53.com','/upload/ads/img53','2020-01-08','2020-01-08',0,'2020-01-08',6),(57,'广告54','http//:www.guanggao54.com','/upload/ads/img54','2020-01-08','2020-01-08',0,'2020-01-08',7),(58,'广告55','http//:www.guanggao55.com','/upload/ads/img55','2020-01-08','2020-01-08',0,'2020-01-08',8),(59,'广告56','http//:www.guanggao56.com','/upload/ads/img56','2020-01-08','2020-01-08',0,'2020-01-08',1),(60,'广告57','http//:www.guanggao57.com','/upload/ads/img57','2020-01-08','2020-01-08',0,'2020-01-08',2),(61,'广告58','http//:www.guanggao58.com','/upload/ads/img58','2020-01-08','2020-01-08',0,'2020-01-08',3),(62,'广告59','http//:www.guanggao59.com','/upload/ads/img59','2020-01-08','2020-01-08',0,'2020-01-08',4),(63,'广告60','http//:www.guanggao60.com','/upload/ads/img60','2020-01-08','2020-01-08',0,'2020-01-08',5),(64,'广告61','http//:www.guanggao61.com','/upload/ads/img61','2020-01-08','2020-01-08',0,'2020-01-08',6),(65,'广告62','http//:www.guanggao62.com','/upload/ads/img62','2020-01-08','2020-01-08',0,'2020-01-08',7),(66,'广告63','http//:www.guanggao63.com','/upload/ads/img63','2020-01-08','2020-01-08',0,'2020-01-08',8),(67,'广告64','http//:www.guanggao64.com','/upload/ads/img64','2020-01-08','2020-01-08',0,'2020-01-08',1),(68,'广告65','http//:www.guanggao65.com','/upload/ads/img65','2020-01-08','2020-01-08',0,'2020-01-08',2),(69,'广告66','http//:www.guanggao66.com','/upload/ads/img66','2020-01-08','2020-01-08',0,'2020-01-08',3),(70,'广告67','http//:www.guanggao67.com','/upload/ads/img67','2020-01-08','2020-01-08',0,'2020-01-08',4),(71,'广告68','http//:www.guanggao68.com','/upload/ads/img68','2020-01-08','2020-01-08',0,'2020-01-08',5),(72,'广告69','http//:www.guanggao69.com','/upload/ads/img69','2020-01-08','2020-01-08',0,'2020-01-08',6),(73,'广告70','http//:www.guanggao70.com','/upload/ads/img70','2020-01-08','2020-01-08',0,'2020-01-08',7),(74,'广告71','http//:www.guanggao71.com','/upload/ads/img71','2020-01-08','2020-01-08',0,'2020-01-08',8),(75,'广告72','http//:www.guanggao72.com','/upload/ads/img72','2020-01-08','2020-01-08',0,'2020-01-08',1),(76,'广告73','http//:www.guanggao73.com','/upload/ads/img73','2020-01-08','2020-01-08',0,'2020-01-08',2),(77,'广告74','http//:www.guanggao74.com','/upload/ads/img74','2020-01-08','2020-01-08',0,'2020-01-08',3),(78,'广告75','http//:www.guanggao75.com','/upload/ads/img75','2020-01-08','2020-01-08',0,'2020-01-08',4),(79,'广告76','http//:www.guanggao76.com','/upload/ads/img76','2020-01-08','2020-01-08',0,'2020-01-08',5),(80,'广告77','http//:www.guanggao77.com','/upload/ads/img77','2020-01-08','2020-01-08',0,'2020-01-08',6),(81,'广告78','http//:www.guanggao78.com','/upload/ads/img78','2020-01-08','2020-01-08',0,'2020-01-08',7),(82,'广告79','http//:www.guanggao79.com','/upload/ads/img79','2020-01-08','2020-01-08',0,'2020-01-08',8),(83,'广告80','http//:www.guanggao80.com','/upload/ads/img80','2020-01-08','2020-01-08',0,'2020-01-08',1),(84,'广告81','http//:www.guanggao81.com','/upload/ads/img81','2020-01-08','2020-01-08',0,'2020-01-08',2),(85,'广告82','http//:www.guanggao82.com','/upload/ads/img82','2020-01-08','2020-01-08',1,'2020-01-14',3),(86,'广告83','http//:www.guanggao83.com','/upload/ads/img83','2020-01-08','2020-01-08',0,'2020-01-08',4),(87,'广告84','http//:www.guanggao84.com','/upload/ads/img84','2020-01-08','2020-01-08',0,'2020-01-08',5),(88,'广告85','http//:www.guanggao85.com','/upload/ads/img85','2020-01-08','2020-01-08',0,'2020-01-08',6),(89,'广告86','http//:www.guanggao86.com','/upload/ads/img86','2020-01-08','2020-01-08',0,'2020-01-08',7),(90,'广告87','http//:www.guanggao87.com','/upload/ads/img87','2020-01-08','2020-01-08',0,'2020-01-08',8),(91,'广告88','http//:www.guanggao88.com','/upload/ads/img88','2020-01-08','2020-01-08',0,'2020-01-08',1),(92,'广告89','http//:www.guanggao89.com','/upload/ads/img89','2020-01-08','2020-01-08',0,'2020-01-08',2),(93,'广告90','http//:www.guanggao90.com','/upload/ads/img90','2020-01-08','2020-01-08',0,'2020-01-08',3),(94,'广告91','http//:www.guanggao91.com','/upload/ads/img91','2020-01-08','2020-01-08',0,'2020-01-08',4),(95,'广告92','http//:www.guanggao92.com','/upload/ads/img92','2020-01-08','2020-01-08',0,'2020-01-08',5),(96,'广告93','http//:www.guanggao93.com','/upload/ads/img93','2020-01-08','2020-01-08',0,'2020-01-08',6),(97,'广告94','http//:www.guanggao94.com','/upload/ads/img94','2020-01-08','2020-01-08',0,'2020-01-08',7),(98,'广告95','http//:www.guanggao95.com','/upload/ads/img95','2020-01-08','2020-01-08',0,'2020-01-08',8),(99,'广告96','http//:www.guanggao96.com','/upload/ads/img96','2020-01-08','2020-01-08',0,'2020-01-08',1),(101,'广告98','http//:www.guanggao98.com','/upload/ads/img98','2020-01-08','2020-01-08',0,'2020-01-08',3),(102,'广告99','http//:www.guanggao99.com','/upload/ads/img99','2020-01-08','2020-01-08',0,'2020-01-08',4),(103,'爱情三十六计',NULL,NULL,'2020-01-07','2020-01-15',0,'2020-01-09',1),(104,'倒带',NULL,NULL,'2020-01-08','2020-01-17',1,'2020-01-09',5),(105,'广告321','https://www.sogou.com','static/upload/images/QXvPtFp84dUDk15saTbIio7yE9YlZOnA.png','2020-01-14','2020-01-20',1,'2020-01-14',2),(106,'aaaaaaaaaaaaaa','https://sss.c.com','static/upload/images/MONXV6CQS4Ha7t5ipnWxdJoYRD8Ae9sk.png','2020-01-14','2020-01-20',0,'2020-01-14',4),(107,'bbb','https://baidu.com','static/upload/images/KbRENGr9JpvwqCQghHzimYu2e170X36D.png','2020-01-14','2020-01-20',0,'2020-01-14',6),(108,'beijing','https://sina.com','static\\upload\\images\\49pXvzmVjsKx8RMwhrQI10DnlJHyfaPA.JPG','2020-01-14','2020-01-20',0,'2020-01-14',4),(109,'bbbccc','https://baidu.com','static\\upload\\images\\N4ZiWCFjyU8ldG1TaEgpKxARVteIrBvu.png','2020-01-14','2020-01-20',0,'2020-01-14',5);
/*!40000 ALTER TABLE `eatms_ads` ENABLE KEYS */;
UNLOCK TABLES;

--
-- Table structure for table `eatms_category`
--

DROP TABLE IF EXISTS `eatms_category`;
/*!40101 SET @saved_cs_client     = @@character_set_client */;
/*!40101 SET character_set_client = utf8 */;
CREATE TABLE `eatms_category` (
  `id` int(11) NOT NULL AUTO_INCREMENT,
  `name` varchar(255) NOT NULL,
  `order_num` int(11) NOT NULL,
  `addtime` date NOT NULL,
  PRIMARY KEY (`id`),
  UNIQUE KEY `name` (`name`)
) ENGINE=InnoDB AUTO_INCREMENT=9 DEFAULT CHARSET=utf8;
/*!40101 SET character_set_client = @saved_cs_client */;

--
-- Dumping data for table `eatms_category`
--

LOCK TABLES `eatms_category` WRITE;
/*!40000 ALTER TABLE `eatms_category` DISABLE KEYS */;
INSERT INTO `eatms_category` VALUES (1,'鲁菜',1,'2020-01-01'),(2,'川菜',2,'2020-01-05'),(3,'粤菜',3,'2020-01-02'),(4,'苏菜',4,'2020-01-02'),(5,'闽菜',5,'2020-01-04'),(6,'浙菜',6,'2020-01-07'),(7,'徽菜',7,'2020-01-07'),(8,'湘菜',8,'2020-01-02');
/*!40000 ALTER TABLE `eatms_category` ENABLE KEYS */;
UNLOCK TABLES;

--
-- Table structure for table `eatms_food`
--

DROP TABLE IF EXISTS `eatms_food`;
/*!40101 SET @saved_cs_client     = @@character_set_client */;
/*!40101 SET character_set_client = utf8 */;
CREATE TABLE `eatms_food` (
  `id` int(11) NOT NULL AUTO_INCREMENT,
  `name` varchar(100) NOT NULL,
  `addtime` date NOT NULL,
  `category_id` int(11) NOT NULL,
  PRIMARY KEY (`id`),
  KEY `eatms_food_category_id_444c8b7a_fk_eatms_category_id` (`category_id`),
  CONSTRAINT `eatms_food_category_id_444c8b7a_fk_eatms_category_id` FOREIGN KEY (`category_id`) REFERENCES `eatms_category` (`id`)
) ENGINE=InnoDB AUTO_INCREMENT=36 DEFAULT CHARSET=utf8;
/*!40101 SET character_set_client = @saved_cs_client */;

--
-- Dumping data for table `eatms_food`
--

LOCK TABLES `eatms_food` WRITE;
/*!40000 ALTER TABLE `eatms_food` DISABLE KEYS */;
INSERT INTO `eatms_food` VALUES (1,'地锅鸡02231','2020-01-07',8),(5,'地锅鸡4','2020-01-03',3),(9,'地锅鸡8','2020-01-07',4),(10,'地锅鸡9','2020-01-03',4),(11,'地锅鸡10','2020-01-03',4),(12,'地锅鸡11','2020-01-03',2),(13,'地锅鸡12','2020-01-03',1),(14,'地锅鸡13','2020-01-03',3),(15,'地锅鸡14','2020-01-03',3),(16,'地锅鸡15','2020-01-06',2),(17,'地锅鸡16','2020-01-03',2),(18,'地锅鸡17','2020-01-03',2),(19,'地锅鸡18','2020-01-03',5),(20,'地锅鸡19','2020-01-03',5),(21,'地锅鸡20','2020-01-03',5),(22,'地锅鸡21','2020-01-07',6),(23,'地锅鸡22','2020-01-03',4),(24,'地锅鸡23','2020-01-03',5),(25,'地锅鸡24','2020-01-03',3),(26,'地锅鸡25','2020-01-03',2),(27,'地锅鸡26','2020-01-03',2),(28,'地锅鸡27','2020-01-03',2),(29,'地锅鸡28','2020-01-03',2),(30,'地锅鸡2965','2020-01-07',4),(31,'黄花鱼','2020-01-07',5),(32,'地锅鸡2732','2020-01-08',2),(34,'地锅鸡296522','2020-01-08',2),(35,'地锅鸡27655','2020-01-07',2);
/*!40000 ALTER TABLE `eatms_food` ENABLE KEYS */;
UNLOCK TABLES;

--
-- Table structure for table `eatms_record`
--

DROP TABLE IF EXISTS `eatms_record`;
/*!40101 SET @saved_cs_client     = @@character_set_client */;
/*!40101 SET character_set_client = utf8 */;
CREATE TABLE `eatms_record` (
  `id` int(11) NOT NULL AUTO_INCREMENT,
  `food` varchar(255) NOT NULL,
  `number` int(11) NOT NULL,
  `addtime` date NOT NULL,
  `user_id` int(11) NOT NULL,
  PRIMARY KEY (`id`),
  KEY `eatms_record_user_id_1c564e29_fk_eatms_user_id` (`user_id`),
  CONSTRAINT `eatms_record_user_id_1c564e29_fk_eatms_user_id` FOREIGN KEY (`user_id`) REFERENCES `eatms_user` (`id`)
) ENGINE=InnoDB DEFAULT CHARSET=utf8;
/*!40101 SET character_set_client = @saved_cs_client */;

--
-- Dumping data for table `eatms_record`
--

LOCK TABLES `eatms_record` WRITE;
/*!40000 ALTER TABLE `eatms_record` DISABLE KEYS */;
/*!40000 ALTER TABLE `eatms_record` ENABLE KEYS */;
UNLOCK TABLES;

--
-- Table structure for table `eatms_user`
--

DROP TABLE IF EXISTS `eatms_user`;
/*!40101 SET @saved_cs_client     = @@character_set_client */;
/*!40101 SET character_set_client = utf8 */;
CREATE TABLE `eatms_user` (
  `id` int(11) NOT NULL AUTO_INCREMENT,
  `openid` varchar(50) NOT NULL,
  `nickname` varchar(100) NOT NULL,
  `phone` varchar(11) NOT NULL,
  `avatar` varchar(200) NOT NULL,
  `addtime` date NOT NULL,
  PRIMARY KEY (`id`),
  UNIQUE KEY `openid` (`openid`),
  UNIQUE KEY `phone` (`phone`)
) ENGINE=InnoDB AUTO_INCREMENT=1001 DEFAULT CHARSET=utf8;
/*!40101 SET character_set_client = @saved_cs_client */;

--
-- Dumping data for table `eatms_user`
--

LOCK TABLES `eatms_user` WRITE;
/*!40000 ALTER TABLE `eatms_user` DISABLE KEYS */;
INSERT INTO `eatms_user` VALUES (1,'openid0','nickname0','18101596297','0000','2019-12-31'),(2,'openid1','nickname1','18101596298','1111','2019-12-31'),(3,'openid2','nickname2','18101596299','2222','2019-12-31'),(4,'openid3','nickname3','18101596300','3333','2019-12-31'),(5,'openid4','nickname4','18101596301','4444','2019-12-31'),(6,'openid5','nickname5','18101596302','5555','2019-12-31'),(7,'openid6','nickname6','18101596303','6666','2019-12-31'),(8,'openid7','nickname7','18101596304','7777','2019-12-31'),(9,'openid8','nickname8','18101596305','8888','2019-12-31'),(10,'openid9','nickname9','18101596306','9999','2019-12-31'),(11,'openid10','nickname10','18101596307','10101010','2019-12-31'),(12,'openid11','nickname11','18101596308','11111111','2019-12-31'),(13,'openid12','nickname12','18101596309','12121212','2019-12-31'),(14,'openid13','nickname13','18101596310','13131313','2019-12-31'),(15,'openid14','nickname14','18101596311','14141414','2019-12-31'),(16,'openid15','nickname15','18101596312','15151515','2019-12-31'),(17,'openid16','nickname16','18101596313','16161616','2019-12-31'),(18,'openid17','nickname17','18101596314','17171717','2019-12-31'),(19,'openid18','nickname18','18101596315','18181818','2019-12-31'),(20,'openid19','nickname19','18101596316','19191919','2019-12-31'),(21,'openid20','nickname20','18101596317','20202020','2019-12-31'),(22,'openid21','nickname21','18101596318','21212121','2019-12-31'),(23,'openid22','nickname22','18101596319','22222222','2019-12-31'),(24,'openid23','nickname23','18101596320','23232323','2019-12-31'),(25,'openid24','nickname24','18101596321','24242424','2019-12-31'),(26,'openid25','nickname25','18101596322','25252525','2019-12-31'),(27,'openid26','nickname26','18101596323','26262626','2019-12-31'),(28,'openid27','nickname27','18101596324','27272727','2019-12-31'),(29,'openid28','nickname28','18101596325','28282828','2019-12-31'),(30,'openid29','nickname29','18101596326','29292929','2019-12-31'),(31,'openid30','nickname30','18101596327','30303030','2019-12-31'),(32,'openid31','nickname31','18101596328','31313131','2019-12-31'),(33,'openid32','nickname32','18101596329','32323232','2019-12-31'),(34,'openid33','nickname33','18101596330','33333333','2019-12-31'),(35,'openid34','nickname34','18101596331','34343434','2019-12-31'),(36,'openid35','nickname35','18101596332','35353535','2019-12-31'),(37,'openid36','nickname36','18101596333','36363636','2019-12-31'),(38,'openid37','nickname37','18101596334','37373737','2019-12-31'),(39,'openid38','nickname38','18101596335','38383838','2019-12-31'),(40,'openid39','nickname39','18101596336','39393939','2019-12-31'),(41,'openid40','nickname40','18101596337','40404040','2019-12-31'),(42,'openid41','nickname41','18101596338','41414141','2019-12-31'),(43,'openid42','nickname42','18101596339','42424242','2019-12-31'),(44,'openid43','nickname43','18101596340','43434343','2019-12-31'),(45,'openid44','nickname44','18101596341','44444444','2019-12-31'),(46,'openid45','nickname45','18101596342','45454545','2019-12-31'),(47,'openid46','nickname46','18101596343','46464646','2019-12-31'),(48,'openid47','nickname47','18101596344','47474747','2019-12-31'),(49,'openid48','nickname48','18101596345','48484848','2019-12-31'),(50,'openid49','nickname49','18101596346','49494949','2019-12-31'),(51,'openid50','nickname50','18101596347','50505050','2019-12-31'),(52,'openid51','nickname51','18101596348','51515151','2019-12-31'),(53,'openid52','nickname52','18101596349','52525252','2019-12-31'),(54,'openid53','nickname53','18101596350','53535353','2019-12-31'),(55,'openid54','nickname54','18101596351','54545454','2019-12-31'),(56,'openid55','nickname55','18101596352','55555555','2019-12-31'),(57,'openid56','nickname56','18101596353','56565656','2019-12-31'),(58,'openid57','nickname57','18101596354','57575757','2019-12-31'),(59,'openid58','nickname58','18101596355','58585858','2019-12-31'),(60,'openid59','nickname59','18101596356','59595959','2019-12-31'),(61,'openid60','nickname60','18101596357','60606060','2019-12-31'),(62,'openid61','nickname61','18101596358','61616161','2019-12-31'),(63,'openid62','nickname62','18101596359','62626262','2019-12-31'),(64,'openid63','nickname63','18101596360','63636363','2019-12-31'),(65,'openid64','nickname64','18101596361','64646464','2019-12-31'),(66,'openid65','nickname65','18101596362','65656565','2019-12-31'),(67,'openid66','nickname66','18101596363','66666666','2019-12-31'),(68,'openid67','nickname67','18101596364','67676767','2019-12-31'),(69,'openid68','nickname68','18101596365','68686868','2019-12-31'),(70,'openid69','nickname69','18101596366','69696969','2019-12-31'),(71,'openid70','nickname70','18101596367','70707070','2019-12-31'),(72,'openid71','nickname71','18101596368','71717171','2019-12-31'),(73,'openid72','nickname72','18101596369','72727272','2019-12-31'),(74,'openid73','nickname73','18101596370','73737373','2019-12-31'),(75,'openid74','nickname74','18101596371','74747474','2019-12-31'),(76,'openid75','nickname75','18101596372','75757575','2019-12-31'),(77,'openid76','nickname76','18101596373','76767676','2019-12-31'),(78,'openid77','nickname77','18101596374','77777777','2019-12-31'),(79,'openid78','nickname78','18101596375','78787878','2019-12-31'),(80,'openid79','nickname79','18101596376','79797979','2019-12-31'),(81,'openid80','nickname80','18101596377','80808080','2019-12-31'),(82,'openid81','nickname81','18101596378','81818181','2019-12-31'),(83,'openid82','nickname82','18101596379','82828282','2019-12-31'),(84,'openid83','nickname83','18101596380','83838383','2019-12-31'),(85,'openid84','nickname84','18101596381','84848484','2019-12-31'),(86,'openid85','nickname85','18101596382','85858585','2019-12-31'),(87,'openid86','nickname86','18101596383','86868686','2019-12-31'),(88,'openid87','nickname87','18101596384','87878787','2019-12-31'),(89,'openid88','nickname88','18101596385','88888888','2019-12-31'),(90,'openid89','nickname89','18101596386','89898989','2019-12-31'),(91,'openid90','nickname90','18101596387','90909090','2019-12-31'),(92,'openid91','nickname91','18101596388','91919191','2019-12-31'),(93,'openid92','nickname92','18101596389','92929292','2019-12-31'),(94,'openid93','nickname93','18101596390','93939393','2019-12-31'),(95,'openid94','nickname94','18101596391','94949494','2019-12-31'),(96,'openid95','nickname95','18101596392','95959595','2019-12-31'),(97,'openid96','nickname96','18101596393','96969696','2019-12-31'),(98,'openid97','nickname97','18101596394','97979797','2019-12-31'),(99,'openid98','nickname98','18101596395','98989898','2019-12-31'),(100,'openid99','nickname99','18101596396','99999999','2019-12-31'),(101,'openid100','nickname100','18101596397','100100100100','2019-12-31'),(102,'openid101','nickname101','18101596398','101101101101','2019-12-31'),(103,'openid102','nickname102','18101596399','102102102102','2019-12-31'),(104,'openid103','nickname103','18101596400','103103103103','2019-12-31'),(105,'openid104','nickname104','18101596401','104104104104','2019-12-31'),(106,'openid105','nickname105','18101596402','105105105105','2019-12-31'),(107,'openid106','nickname106','18101596403','106106106106','2019-12-31'),(108,'openid107','nickname107','18101596404','107107107107','2019-12-31'),(109,'openid108','nickname108','18101596405','108108108108','2019-12-31'),(110,'openid109','nickname109','18101596406','109109109109','2019-12-31'),(111,'openid110','nickname110','18101596407','110110110110','2019-12-31'),(112,'openid111','nickname111','18101596408','111111111111','2019-12-31'),(113,'openid112','nickname112','18101596409','112112112112','2019-12-31'),(114,'openid113','nickname113','18101596410','113113113113','2019-12-31'),(115,'openid114','nickname114','18101596411','114114114114','2019-12-31'),(116,'openid115','nickname115','18101596412','115115115115','2019-12-31'),(117,'openid116','nickname116','18101596413','116116116116','2019-12-31'),(118,'openid117','nickname117','18101596414','117117117117','2019-12-31'),(119,'openid118','nickname118','18101596415','118118118118','2019-12-31'),(120,'openid119','nickname119','18101596416','119119119119','2019-12-31'),(121,'openid120','nickname120','18101596417','120120120120','2019-12-31'),(122,'openid121','nickname121','18101596418','121121121121','2019-12-31'),(123,'openid122','nickname122','18101596419','122122122122','2019-12-31'),(124,'openid123','nickname123','18101596420','123123123123','2019-12-31'),(125,'openid124','nickname124','18101596421','124124124124','2019-12-31'),(126,'openid125','nickname125','18101596422','125125125125','2019-12-31'),(127,'openid126','nickname126','18101596423','126126126126','2019-12-31'),(128,'openid127','nickname127','18101596424','127127127127','2019-12-31'),(129,'openid128','nickname128','18101596425','128128128128','2019-12-31'),(130,'openid129','nickname129','18101596426','129129129129','2019-12-31'),(131,'openid130','nickname130','18101596427','130130130130','2019-12-31'),(132,'openid131','nickname131','18101596428','131131131131','2019-12-31'),(133,'openid132','nickname132','18101596429','132132132132','2019-12-31'),(134,'openid133','nickname133','18101596430','133133133133','2019-12-31'),(135,'openid134','nickname134','18101596431','134134134134','2019-12-31'),(136,'openid135','nickname135','18101596432','135135135135','2019-12-31'),(137,'openid136','nickname136','18101596433','136136136136','2019-12-31'),(138,'openid137','nickname137','18101596434','137137137137','2019-12-31'),(139,'openid138','nickname138','18101596435','138138138138','2019-12-31'),(140,'openid139','nickname139','18101596436','139139139139','2019-12-31'),(141,'openid140','nickname140','18101596437','140140140140','2019-12-31'),(142,'openid141','nickname141','18101596438','141141141141','2019-12-31'),(143,'openid142','nickname142','18101596439','142142142142','2019-12-31'),(144,'openid143','nickname143','18101596440','143143143143','2019-12-31'),(145,'openid144','nickname144','18101596441','144144144144','2019-12-31'),(146,'openid145','nickname145','18101596442','145145145145','2019-12-31'),(147,'openid146','nickname146','18101596443','146146146146','2019-12-31'),(148,'openid147','nickname147','18101596444','147147147147','2019-12-31'),(149,'openid148','nickname148','18101596445','148148148148','2019-12-31'),(150,'openid149','nickname149','18101596446','149149149149','2019-12-31'),(151,'openid150','nickname150','18101596447','150150150150','2019-12-31'),(152,'openid151','nickname151','18101596448','151151151151','2019-12-31'),(153,'openid152','nickname152','18101596449','152152152152','2019-12-31'),(154,'openid153','nickname153','18101596450','153153153153','2019-12-31'),(155,'openid154','nickname154','18101596451','154154154154','2019-12-31'),(156,'openid155','nickname155','18101596452','155155155155','2019-12-31'),(157,'openid156','nickname156','18101596453','156156156156','2019-12-31'),(158,'openid157','nickname157','18101596454','157157157157','2019-12-31'),(159,'openid158','nickname158','18101596455','158158158158','2019-12-31'),(160,'openid159','nickname159','18101596456','159159159159','2019-12-31'),(161,'openid160','nickname160','18101596457','160160160160','2019-12-31'),(162,'openid161','nickname161','18101596458','161161161161','2019-12-31'),(163,'openid162','nickname162','18101596459','162162162162','2019-12-31'),(164,'openid163','nickname163','18101596460','163163163163','2019-12-31'),(165,'openid164','nickname164','18101596461','164164164164','2019-12-31'),(166,'openid165','nickname165','18101596462','165165165165','2019-12-31'),(167,'openid166','nickname166','18101596463','166166166166','2019-12-31'),(168,'openid167','nickname167','18101596464','167167167167','2019-12-31'),(169,'openid168','nickname168','18101596465','168168168168','2019-12-31'),(170,'openid169','nickname169','18101596466','169169169169','2019-12-31'),(171,'openid170','nickname170','18101596467','170170170170','2019-12-31'),(172,'openid171','nickname171','18101596468','171171171171','2019-12-31'),(173,'openid172','nickname172','18101596469','172172172172','2019-12-31'),(174,'openid173','nickname173','18101596470','173173173173','2019-12-31'),(175,'openid174','nickname174','18101596471','174174174174','2019-12-31'),(176,'openid175','nickname175','18101596472','175175175175','2019-12-31'),(177,'openid176','nickname176','18101596473','176176176176','2019-12-31'),(178,'openid177','nickname177','18101596474','177177177177','2019-12-31'),(179,'openid178','nickname178','18101596475','178178178178','2019-12-31'),(180,'openid179','nickname179','18101596476','179179179179','2019-12-31'),(181,'openid180','nickname180','18101596477','180180180180','2019-12-31'),(182,'openid181','nickname181','18101596478','181181181181','2019-12-31'),(183,'openid182','nickname182','18101596479','182182182182','2019-12-31'),(184,'openid183','nickname183','18101596480','183183183183','2019-12-31'),(185,'openid184','nickname184','18101596481','184184184184','2019-12-31'),(186,'openid185','nickname185','18101596482','185185185185','2019-12-31'),(187,'openid186','nickname186','18101596483','186186186186','2019-12-31'),(188,'openid187','nickname187','18101596484','187187187187','2019-12-31'),(189,'openid188','nickname188','18101596485','188188188188','2019-12-31'),(190,'openid189','nickname189','18101596486','189189189189','2019-12-31'),(191,'openid190','nickname190','18101596487','190190190190','2019-12-31'),(192,'openid191','nickname191','18101596488','191191191191','2019-12-31'),(193,'openid192','nickname192','18101596489','192192192192','2019-12-31'),(194,'openid193','nickname193','18101596490','193193193193','2019-12-31'),(195,'openid194','nickname194','18101596491','194194194194','2019-12-31'),(196,'openid195','nickname195','18101596492','195195195195','2019-12-31'),(197,'openid196','nickname196','18101596493','196196196196','2019-12-31'),(198,'openid197','nickname197','18101596494','197197197197','2019-12-31'),(199,'openid198','nickname198','18101596495','198198198198','2019-12-31'),(200,'openid199','nickname199','18101596496','199199199199','2019-12-31'),(201,'openid200','nickname200','18101596497','200200200200','2019-12-31'),(202,'openid201','nickname201','18101596498','201201201201','2019-12-31'),(203,'openid202','nickname202','18101596499','202202202202','2019-12-31'),(204,'openid203','nickname203','18101596500','203203203203','2019-12-31'),(205,'openid204','nickname204','18101596501','204204204204','2019-12-31'),(206,'openid205','nickname205','18101596502','205205205205','2019-12-31'),(207,'openid206','nickname206','18101596503','206206206206','2019-12-31'),(208,'openid207','nickname207','18101596504','207207207207','2019-12-31'),(209,'openid208','nickname208','18101596505','208208208208','2019-12-31'),(210,'openid209','nickname209','18101596506','209209209209','2019-12-31'),(211,'openid210','nickname210','18101596507','210210210210','2019-12-31'),(212,'openid211','nickname211','18101596508','211211211211','2019-12-31'),(213,'openid212','nickname212','18101596509','212212212212','2019-12-31'),(214,'openid213','nickname213','18101596510','213213213213','2019-12-31'),(215,'openid214','nickname214','18101596511','214214214214','2019-12-31'),(216,'openid215','nickname215','18101596512','215215215215','2019-12-31'),(217,'openid216','nickname216','18101596513','216216216216','2019-12-31'),(218,'openid217','nickname217','18101596514','217217217217','2019-12-31'),(219,'openid218','nickname218','18101596515','218218218218','2019-12-31'),(220,'openid219','nickname219','18101596516','219219219219','2019-12-31'),(221,'openid220','nickname220','18101596517','220220220220','2019-12-31'),(222,'openid221','nickname221','18101596518','221221221221','2019-12-31'),(223,'openid222','nickname222','18101596519','222222222222','2019-12-31'),(224,'openid223','nickname223','18101596520','223223223223','2019-12-31'),(225,'openid224','nickname224','18101596521','224224224224','2019-12-31'),(226,'openid225','nickname225','18101596522','225225225225','2019-12-31'),(227,'openid226','nickname226','18101596523','226226226226','2019-12-31'),(228,'openid227','nickname227','18101596524','227227227227','2019-12-31'),(229,'openid228','nickname228','18101596525','228228228228','2019-12-31'),(230,'openid229','nickname229','18101596526','229229229229','2019-12-31'),(231,'openid230','nickname230','18101596527','230230230230','2019-12-31'),(232,'openid231','nickname231','18101596528','231231231231','2019-12-31'),(233,'openid232','nickname232','18101596529','232232232232','2019-12-31'),(234,'openid233','nickname233','18101596530','233233233233','2019-12-31'),(235,'openid234','nickname234','18101596531','234234234234','2019-12-31'),(236,'openid235','nickname235','18101596532','235235235235','2019-12-31'),(237,'openid236','nickname236','18101596533','236236236236','2019-12-31'),(238,'openid237','nickname237','18101596534','237237237237','2019-12-31'),(239,'openid238','nickname238','18101596535','238238238238','2019-12-31'),(240,'openid239','nickname239','18101596536','239239239239','2019-12-31'),(241,'openid240','nickname240','18101596537','240240240240','2019-12-31'),(242,'openid241','nickname241','18101596538','241241241241','2019-12-31'),(243,'openid242','nickname242','18101596539','242242242242','2019-12-31'),(244,'openid243','nickname243','18101596540','243243243243','2019-12-31'),(245,'openid244','nickname244','18101596541','244244244244','2019-12-31'),(246,'openid245','nickname245','18101596542','245245245245','2019-12-31'),(247,'openid246','nickname246','18101596543','246246246246','2019-12-31'),(248,'openid247','nickname247','18101596544','247247247247','2019-12-31'),(249,'openid248','nickname248','18101596545','248248248248','2019-12-31'),(250,'openid249','nickname249','18101596546','249249249249','2019-12-31'),(251,'openid250','nickname250','18101596547','250250250250','2019-12-31'),(252,'openid251','nickname251','18101596548','251251251251','2019-12-31'),(253,'openid252','nickname252','18101596549','252252252252','2019-12-31'),(254,'openid253','nickname253','18101596550','253253253253','2019-12-31'),(255,'openid254','nickname254','18101596551','254254254254','2019-12-31'),(256,'openid255','nickname255','18101596552','255255255255','2019-12-31'),(257,'openid256','nickname256','18101596553','256256256256','2019-12-31'),(258,'openid257','nickname257','18101596554','257257257257','2019-12-31'),(259,'openid258','nickname258','18101596555','258258258258','2019-12-31'),(260,'openid259','nickname259','18101596556','259259259259','2019-12-31'),(261,'openid260','nickname260','18101596557','260260260260','2019-12-31'),(262,'openid261','nickname261','18101596558','261261261261','2019-12-31'),(263,'openid262','nickname262','18101596559','262262262262','2019-12-31'),(264,'openid263','nickname263','18101596560','263263263263','2019-12-31'),(265,'openid264','nickname264','18101596561','264264264264','2019-12-31'),(266,'openid265','nickname265','18101596562','265265265265','2019-12-31'),(267,'openid266','nickname266','18101596563','266266266266','2019-12-31'),(268,'openid267','nickname267','18101596564','267267267267','2019-12-31'),(269,'openid268','nickname268','18101596565','268268268268','2019-12-31'),(270,'openid269','nickname269','18101596566','269269269269','2019-12-31'),(271,'openid270','nickname270','18101596567','270270270270','2019-12-31'),(272,'openid271','nickname271','18101596568','271271271271','2019-12-31'),(273,'openid272','nickname272','18101596569','272272272272','2019-12-31'),(274,'openid273','nickname273','18101596570','273273273273','2019-12-31'),(275,'openid274','nickname274','18101596571','274274274274','2019-12-31'),(276,'openid275','nickname275','18101596572','275275275275','2019-12-31'),(277,'openid276','nickname276','18101596573','276276276276','2019-12-31'),(278,'openid277','nickname277','18101596574','277277277277','2019-12-31'),(279,'openid278','nickname278','18101596575','278278278278','2019-12-31'),(280,'openid279','nickname279','18101596576','279279279279','2019-12-31'),(281,'openid280','nickname280','18101596577','280280280280','2019-12-31'),(282,'openid281','nickname281','18101596578','281281281281','2019-12-31'),(283,'openid282','nickname282','18101596579','282282282282','2019-12-31'),(284,'openid283','nickname283','18101596580','283283283283','2019-12-31'),(285,'openid284','nickname284','18101596581','284284284284','2019-12-31'),(286,'openid285','nickname285','18101596582','285285285285','2019-12-31'),(287,'openid286','nickname286','18101596583','286286286286','2019-12-31'),(288,'openid287','nickname287','18101596584','287287287287','2019-12-31'),(289,'openid288','nickname288','18101596585','288288288288','2019-12-31'),(290,'openid289','nickname289','18101596586','289289289289','2019-12-31'),(291,'openid290','nickname290','18101596587','290290290290','2019-12-31'),(292,'openid291','nickname291','18101596588','291291291291','2019-12-31'),(293,'openid292','nickname292','18101596589','292292292292','2019-12-31'),(294,'openid293','nickname293','18101596590','293293293293','2019-12-31'),(295,'openid294','nickname294','18101596591','294294294294','2019-12-31'),(296,'openid295','nickname295','18101596592','295295295295','2019-12-31'),(297,'openid296','nickname296','18101596593','296296296296','2019-12-31'),(298,'openid297','nickname297','18101596594','297297297297','2019-12-31'),(299,'openid298','nickname298','18101596595','298298298298','2019-12-31'),(300,'openid299','nickname299','18101596596','299299299299','2019-12-31'),(301,'openid300','nickname300','18101596597','300300300300','2019-12-31'),(302,'openid301','nickname301','18101596598','301301301301','2019-12-31'),(303,'openid302','nickname302','18101596599','302302302302','2019-12-31'),(304,'openid303','nickname303','18101596600','303303303303','2019-12-31'),(305,'openid304','nickname304','18101596601','304304304304','2019-12-31'),(306,'openid305','nickname305','18101596602','305305305305','2019-12-31'),(307,'openid306','nickname306','18101596603','306306306306','2019-12-31'),(308,'openid307','nickname307','18101596604','307307307307','2019-12-31'),(309,'openid308','nickname308','18101596605','308308308308','2019-12-31'),(310,'openid309','nickname309','18101596606','309309309309','2019-12-31'),(311,'openid310','nickname310','18101596607','310310310310','2019-12-31'),(312,'openid311','nickname311','18101596608','311311311311','2019-12-31'),(313,'openid312','nickname312','18101596609','312312312312','2019-12-31'),(314,'openid313','nickname313','18101596610','313313313313','2019-12-31'),(315,'openid314','nickname314','18101596611','314314314314','2019-12-31'),(316,'openid315','nickname315','18101596612','315315315315','2019-12-31'),(317,'openid316','nickname316','18101596613','316316316316','2019-12-31'),(318,'openid317','nickname317','18101596614','317317317317','2019-12-31'),(319,'openid318','nickname318','18101596615','318318318318','2019-12-31'),(320,'openid319','nickname319','18101596616','319319319319','2019-12-31'),(321,'openid320','nickname320','18101596617','320320320320','2019-12-31'),(322,'openid321','nickname321','18101596618','321321321321','2019-12-31'),(323,'openid322','nickname322','18101596619','322322322322','2019-12-31'),(324,'openid323','nickname323','18101596620','323323323323','2019-12-31'),(325,'openid324','nickname324','18101596621','324324324324','2019-12-31'),(326,'openid325','nickname325','18101596622','325325325325','2019-12-31'),(327,'openid326','nickname326','18101596623','326326326326','2019-12-31'),(328,'openid327','nickname327','18101596624','327327327327','2019-12-31'),(329,'openid328','nickname328','18101596625','328328328328','2019-12-31'),(330,'openid329','nickname329','18101596626','329329329329','2019-12-31'),(331,'openid330','nickname330','18101596627','330330330330','2019-12-31'),(332,'openid331','nickname331','18101596628','331331331331','2019-12-31'),(333,'openid332','nickname332','18101596629','332332332332','2019-12-31'),(334,'openid333','nickname333','18101596630','333333333333','2019-12-31'),(335,'openid334','nickname334','18101596631','334334334334','2019-12-31'),(336,'openid335','nickname335','18101596632','335335335335','2019-12-31'),(337,'openid336','nickname336','18101596633','336336336336','2019-12-31'),(338,'openid337','nickname337','18101596634','337337337337','2019-12-31'),(339,'openid338','nickname338','18101596635','338338338338','2019-12-31'),(340,'openid339','nickname339','18101596636','339339339339','2019-12-31'),(341,'openid340','nickname340','18101596637','340340340340','2019-12-31'),(342,'openid341','nickname341','18101596638','341341341341','2019-12-31'),(343,'openid342','nickname342','18101596639','342342342342','2019-12-31'),(344,'openid343','nickname343','18101596640','343343343343','2019-12-31'),(345,'openid344','nickname344','18101596641','344344344344','2019-12-31'),(346,'openid345','nickname345','18101596642','345345345345','2019-12-31'),(347,'openid346','nickname346','18101596643','346346346346','2019-12-31'),(348,'openid347','nickname347','18101596644','347347347347','2019-12-31'),(349,'openid348','nickname348','18101596645','348348348348','2019-12-31'),(350,'openid349','nickname349','18101596646','349349349349','2019-12-31'),(351,'openid350','nickname350','18101596647','350350350350','2019-12-31'),(352,'openid351','nickname351','18101596648','351351351351','2019-12-31'),(353,'openid352','nickname352','18101596649','352352352352','2019-12-31'),(354,'openid353','nickname353','18101596650','353353353353','2019-12-31'),(355,'openid354','nickname354','18101596651','354354354354','2019-12-31'),(356,'openid355','nickname355','18101596652','355355355355','2019-12-31'),(357,'openid356','nickname356','18101596653','356356356356','2019-12-31'),(358,'openid357','nickname357','18101596654','357357357357','2019-12-31'),(359,'openid358','nickname358','18101596655','358358358358','2019-12-31'),(360,'openid359','nickname359','18101596656','359359359359','2019-12-31'),(361,'openid360','nickname360','18101596657','360360360360','2019-12-31'),(362,'openid361','nickname361','18101596658','361361361361','2019-12-31'),(363,'openid362','nickname362','18101596659','362362362362','2019-12-31'),(364,'openid363','nickname363','18101596660','363363363363','2019-12-31'),(365,'openid364','nickname364','18101596661','364364364364','2019-12-31'),(366,'openid365','nickname365','18101596662','365365365365','2019-12-31'),(367,'openid366','nickname366','18101596663','366366366366','2019-12-31'),(368,'openid367','nickname367','18101596664','367367367367','2019-12-31'),(369,'openid368','nickname368','18101596665','368368368368','2019-12-31'),(370,'openid369','nickname369','18101596666','369369369369','2019-12-31'),(371,'openid370','nickname370','18101596667','370370370370','2019-12-31'),(372,'openid371','nickname371','18101596668','371371371371','2019-12-31'),(373,'openid372','nickname372','18101596669','372372372372','2019-12-31'),(374,'openid373','nickname373','18101596670','373373373373','2019-12-31'),(375,'openid374','nickname374','18101596671','374374374374','2019-12-31'),(376,'openid375','nickname375','18101596672','375375375375','2019-12-31'),(377,'openid376','nickname376','18101596673','376376376376','2019-12-31'),(378,'openid377','nickname377','18101596674','377377377377','2019-12-31'),(379,'openid378','nickname378','18101596675','378378378378','2019-12-31'),(380,'openid379','nickname379','18101596676','379379379379','2019-12-31'),(381,'openid380','nickname380','18101596677','380380380380','2019-12-31'),(382,'openid381','nickname381','18101596678','381381381381','2019-12-31'),(383,'openid382','nickname382','18101596679','382382382382','2019-12-31'),(384,'openid383','nickname383','18101596680','383383383383','2019-12-31'),(385,'openid384','nickname384','18101596681','384384384384','2019-12-31'),(386,'openid385','nickname385','18101596682','385385385385','2019-12-31'),(387,'openid386','nickname386','18101596683','386386386386','2019-12-31'),(388,'openid387','nickname387','18101596684','387387387387','2019-12-31'),(389,'openid388','nickname388','18101596685','388388388388','2019-12-31'),(390,'openid389','nickname389','18101596686','389389389389','2019-12-31'),(391,'openid390','nickname390','18101596687','390390390390','2019-12-31'),(392,'openid391','nickname391','18101596688','391391391391','2019-12-31'),(393,'openid392','nickname392','18101596689','392392392392','2019-12-31'),(394,'openid393','nickname393','18101596690','393393393393','2019-12-31'),(395,'openid394','nickname394','18101596691','394394394394','2019-12-31'),(396,'openid395','nickname395','18101596692','395395395395','2019-12-31'),(397,'openid396','nickname396','18101596693','396396396396','2019-12-31'),(398,'openid397','nickname397','18101596694','397397397397','2019-12-31'),(399,'openid398','nickname398','18101596695','398398398398','2019-12-31'),(400,'openid399','nickname399','18101596696','399399399399','2019-12-31'),(401,'openid400','nickname400','18101596697','400400400400','2019-12-31'),(402,'openid401','nickname401','18101596698','401401401401','2019-12-31'),(403,'openid402','nickname402','18101596699','402402402402','2019-12-31'),(404,'openid403','nickname403','18101596700','403403403403','2019-12-31'),(405,'openid404','nickname404','18101596701','404404404404','2019-12-31'),(406,'openid405','nickname405','18101596702','405405405405','2019-12-31'),(407,'openid406','nickname406','18101596703','406406406406','2019-12-31'),(408,'openid407','nickname407','18101596704','407407407407','2019-12-31'),(409,'openid408','nickname408','18101596705','408408408408','2019-12-31'),(410,'openid409','nickname409','18101596706','409409409409','2019-12-31'),(411,'openid410','nickname410','18101596707','410410410410','2019-12-31'),(412,'openid411','nickname411','18101596708','411411411411','2019-12-31'),(413,'openid412','nickname412','18101596709','412412412412','2019-12-31'),(414,'openid413','nickname413','18101596710','413413413413','2019-12-31'),(415,'openid414','nickname414','18101596711','414414414414','2019-12-31'),(416,'openid415','nickname415','18101596712','415415415415','2019-12-31'),(417,'openid416','nickname416','18101596713','416416416416','2019-12-31'),(418,'openid417','nickname417','18101596714','417417417417','2019-12-31'),(419,'openid418','nickname418','18101596715','418418418418','2019-12-31'),(420,'openid419','nickname419','18101596716','419419419419','2019-12-31'),(421,'openid420','nickname420','18101596717','420420420420','2019-12-31'),(422,'openid421','nickname421','18101596718','421421421421','2019-12-31'),(423,'openid422','nickname422','18101596719','422422422422','2019-12-31'),(424,'openid423','nickname423','18101596720','423423423423','2019-12-31'),(425,'openid424','nickname424','18101596721','424424424424','2019-12-31'),(426,'openid425','nickname425','18101596722','425425425425','2019-12-31'),(427,'openid426','nickname426','18101596723','426426426426','2019-12-31'),(428,'openid427','nickname427','18101596724','427427427427','2019-12-31'),(429,'openid428','nickname428','18101596725','428428428428','2019-12-31'),(430,'openid429','nickname429','18101596726','429429429429','2019-12-31'),(431,'openid430','nickname430','18101596727','430430430430','2019-12-31'),(432,'openid431','nickname431','18101596728','431431431431','2019-12-31'),(433,'openid432','nickname432','18101596729','432432432432','2019-12-31'),(434,'openid433','nickname433','18101596730','433433433433','2019-12-31'),(435,'openid434','nickname434','18101596731','434434434434','2019-12-31'),(436,'openid435','nickname435','18101596732','435435435435','2019-12-31'),(437,'openid436','nickname436','18101596733','436436436436','2019-12-31'),(438,'openid437','nickname437','18101596734','437437437437','2019-12-31'),(439,'openid438','nickname438','18101596735','438438438438','2019-12-31'),(440,'openid439','nickname439','18101596736','439439439439','2019-12-31'),(441,'openid440','nickname440','18101596737','440440440440','2019-12-31'),(442,'openid441','nickname441','18101596738','441441441441','2019-12-31'),(443,'openid442','nickname442','18101596739','442442442442','2019-12-31'),(444,'openid443','nickname443','18101596740','443443443443','2019-12-31'),(445,'openid444','nickname444','18101596741','444444444444','2019-12-31'),(446,'openid445','nickname445','18101596742','445445445445','2019-12-31'),(447,'openid446','nickname446','18101596743','446446446446','2019-12-31'),(448,'openid447','nickname447','18101596744','447447447447','2019-12-31'),(449,'openid448','nickname448','18101596745','448448448448','2019-12-31'),(450,'openid449','nickname449','18101596746','449449449449','2019-12-31'),(451,'openid450','nickname450','18101596747','450450450450','2019-12-31'),(452,'openid451','nickname451','18101596748','451451451451','2019-12-31'),(453,'openid452','nickname452','18101596749','452452452452','2019-12-31'),(454,'openid453','nickname453','18101596750','453453453453','2019-12-31'),(455,'openid454','nickname454','18101596751','454454454454','2019-12-31'),(456,'openid455','nickname455','18101596752','455455455455','2019-12-31'),(457,'openid456','nickname456','18101596753','456456456456','2019-12-31'),(458,'openid457','nickname457','18101596754','457457457457','2019-12-31'),(459,'openid458','nickname458','18101596755','458458458458','2019-12-31'),(460,'openid459','nickname459','18101596756','459459459459','2019-12-31'),(461,'openid460','nickname460','18101596757','460460460460','2019-12-31'),(462,'openid461','nickname461','18101596758','461461461461','2019-12-31'),(463,'openid462','nickname462','18101596759','462462462462','2019-12-31'),(464,'openid463','nickname463','18101596760','463463463463','2019-12-31'),(465,'openid464','nickname464','18101596761','464464464464','2019-12-31'),(466,'openid465','nickname465','18101596762','465465465465','2019-12-31'),(467,'openid466','nickname466','18101596763','466466466466','2019-12-31'),(468,'openid467','nickname467','18101596764','467467467467','2019-12-31'),(469,'openid468','nickname468','18101596765','468468468468','2019-12-31'),(470,'openid469','nickname469','18101596766','469469469469','2019-12-31'),(471,'openid470','nickname470','18101596767','470470470470','2019-12-31'),(472,'openid471','nickname471','18101596768','471471471471','2019-12-31'),(473,'openid472','nickname472','18101596769','472472472472','2019-12-31'),(474,'openid473','nickname473','18101596770','473473473473','2019-12-31'),(475,'openid474','nickname474','18101596771','474474474474','2019-12-31'),(476,'openid475','nickname475','18101596772','475475475475','2019-12-31'),(477,'openid476','nickname476','18101596773','476476476476','2019-12-31'),(478,'openid477','nickname477','18101596774','477477477477','2019-12-31'),(479,'openid478','nickname478','18101596775','478478478478','2019-12-31'),(480,'openid479','nickname479','18101596776','479479479479','2019-12-31'),(481,'openid480','nickname480','18101596777','480480480480','2019-12-31'),(482,'openid481','nickname481','18101596778','481481481481','2019-12-31'),(483,'openid482','nickname482','18101596779','482482482482','2019-12-31'),(484,'openid483','nickname483','18101596780','483483483483','2019-12-31'),(485,'openid484','nickname484','18101596781','484484484484','2019-12-31'),(486,'openid485','nickname485','18101596782','485485485485','2019-12-31'),(487,'openid486','nickname486','18101596783','486486486486','2019-12-31'),(488,'openid487','nickname487','18101596784','487487487487','2019-12-31'),(489,'openid488','nickname488','18101596785','488488488488','2019-12-31'),(490,'openid489','nickname489','18101596786','489489489489','2019-12-31'),(491,'openid490','nickname490','18101596787','490490490490','2019-12-31'),(492,'openid491','nickname491','18101596788','491491491491','2019-12-31'),(493,'openid492','nickname492','18101596789','492492492492','2019-12-31'),(494,'openid493','nickname493','18101596790','493493493493','2019-12-31'),(495,'openid494','nickname494','18101596791','494494494494','2019-12-31'),(496,'openid495','nickname495','18101596792','495495495495','2019-12-31'),(497,'openid496','nickname496','18101596793','496496496496','2019-12-31'),(498,'openid497','nickname497','18101596794','497497497497','2019-12-31'),(499,'openid498','nickname498','18101596795','498498498498','2019-12-31'),(500,'openid499','nickname499','18101596796','499499499499','2019-12-31'),(501,'openid500','nickname500','18101596797','500500500500','2019-12-31'),(502,'openid501','nickname501','18101596798','501501501501','2019-12-31'),(503,'openid502','nickname502','18101596799','502502502502','2019-12-31'),(504,'openid503','nickname503','18101596800','503503503503','2019-12-31'),(505,'openid504','nickname504','18101596801','504504504504','2019-12-31'),(506,'openid505','nickname505','18101596802','505505505505','2019-12-31'),(507,'openid506','nickname506','18101596803','506506506506','2019-12-31'),(508,'openid507','nickname507','18101596804','507507507507','2019-12-31'),(509,'openid508','nickname508','18101596805','508508508508','2019-12-31'),(510,'openid509','nickname509','18101596806','509509509509','2019-12-31'),(511,'openid510','nickname510','18101596807','510510510510','2019-12-31'),(512,'openid511','nickname511','18101596808','511511511511','2019-12-31'),(513,'openid512','nickname512','18101596809','512512512512','2019-12-31'),(514,'openid513','nickname513','18101596810','513513513513','2019-12-31'),(515,'openid514','nickname514','18101596811','514514514514','2019-12-31'),(516,'openid515','nickname515','18101596812','515515515515','2019-12-31'),(517,'openid516','nickname516','18101596813','516516516516','2019-12-31'),(518,'openid517','nickname517','18101596814','517517517517','2019-12-31'),(519,'openid518','nickname518','18101596815','518518518518','2019-12-31'),(520,'openid519','nickname519','18101596816','519519519519','2019-12-31'),(521,'openid520','nickname520','18101596817','520520520520','2019-12-31'),(522,'openid521','nickname521','18101596818','521521521521','2019-12-31'),(523,'openid522','nickname522','18101596819','522522522522','2019-12-31'),(524,'openid523','nickname523','18101596820','523523523523','2019-12-31'),(525,'openid524','nickname524','18101596821','524524524524','2019-12-31'),(526,'openid525','nickname525','18101596822','525525525525','2019-12-31'),(527,'openid526','nickname526','18101596823','526526526526','2019-12-31'),(528,'openid527','nickname527','18101596824','527527527527','2019-12-31'),(529,'openid528','nickname528','18101596825','528528528528','2019-12-31'),(530,'openid529','nickname529','18101596826','529529529529','2019-12-31'),(531,'openid530','nickname530','18101596827','530530530530','2019-12-31'),(532,'openid531','nickname531','18101596828','531531531531','2019-12-31'),(533,'openid532','nickname532','18101596829','532532532532','2019-12-31'),(534,'openid533','nickname533','18101596830','533533533533','2019-12-31'),(535,'openid534','nickname534','18101596831','534534534534','2019-12-31'),(536,'openid535','nickname535','18101596832','535535535535','2019-12-31'),(537,'openid536','nickname536','18101596833','536536536536','2019-12-31'),(538,'openid537','nickname537','18101596834','537537537537','2019-12-31'),(539,'openid538','nickname538','18101596835','538538538538','2019-12-31'),(540,'openid539','nickname539','18101596836','539539539539','2019-12-31'),(541,'openid540','nickname540','18101596837','540540540540','2019-12-31'),(542,'openid541','nickname541','18101596838','541541541541','2019-12-31'),(543,'openid542','nickname542','18101596839','542542542542','2019-12-31'),(544,'openid543','nickname543','18101596840','543543543543','2019-12-31'),(545,'openid544','nickname544','18101596841','544544544544','2019-12-31'),(546,'openid545','nickname545','18101596842','545545545545','2019-12-31'),(547,'openid546','nickname546','18101596843','546546546546','2019-12-31'),(548,'openid547','nickname547','18101596844','547547547547','2019-12-31'),(549,'openid548','nickname548','18101596845','548548548548','2019-12-31'),(550,'openid549','nickname549','18101596846','549549549549','2019-12-31'),(551,'openid550','nickname550','18101596847','550550550550','2019-12-31'),(552,'openid551','nickname551','18101596848','551551551551','2019-12-31'),(553,'openid552','nickname552','18101596849','552552552552','2019-12-31'),(554,'openid553','nickname553','18101596850','553553553553','2019-12-31'),(555,'openid554','nickname554','18101596851','554554554554','2019-12-31'),(556,'openid555','nickname555','18101596852','555555555555','2019-12-31'),(557,'openid556','nickname556','18101596853','556556556556','2019-12-31'),(558,'openid557','nickname557','18101596854','557557557557','2019-12-31'),(559,'openid558','nickname558','18101596855','558558558558','2019-12-31'),(560,'openid559','nickname559','18101596856','559559559559','2019-12-31'),(561,'openid560','nickname560','18101596857','560560560560','2019-12-31'),(562,'openid561','nickname561','18101596858','561561561561','2019-12-31'),(563,'openid562','nickname562','18101596859','562562562562','2019-12-31'),(564,'openid563','nickname563','18101596860','563563563563','2019-12-31'),(565,'openid564','nickname564','18101596861','564564564564','2019-12-31'),(566,'openid565','nickname565','18101596862','565565565565','2019-12-31'),(567,'openid566','nickname566','18101596863','566566566566','2019-12-31'),(568,'openid567','nickname567','18101596864','567567567567','2019-12-31'),(569,'openid568','nickname568','18101596865','568568568568','2019-12-31'),(570,'openid569','nickname569','18101596866','569569569569','2019-12-31'),(571,'openid570','nickname570','18101596867','570570570570','2019-12-31'),(572,'openid571','nickname571','18101596868','571571571571','2019-12-31'),(573,'openid572','nickname572','18101596869','572572572572','2019-12-31'),(574,'openid573','nickname573','18101596870','573573573573','2019-12-31'),(575,'openid574','nickname574','18101596871','574574574574','2019-12-31'),(576,'openid575','nickname575','18101596872','575575575575','2019-12-31'),(577,'openid576','nickname576','18101596873','576576576576','2019-12-31'),(578,'openid577','nickname577','18101596874','577577577577','2019-12-31'),(579,'openid578','nickname578','18101596875','578578578578','2019-12-31'),(580,'openid579','nickname579','18101596876','579579579579','2019-12-31'),(581,'openid580','nickname580','18101596877','580580580580','2019-12-31'),(582,'openid581','nickname581','18101596878','581581581581','2019-12-31'),(583,'openid582','nickname582','18101596879','582582582582','2019-12-31'),(584,'openid583','nickname583','18101596880','583583583583','2019-12-31'),(585,'openid584','nickname584','18101596881','584584584584','2019-12-31'),(586,'openid585','nickname585','18101596882','585585585585','2019-12-31'),(587,'openid586','nickname586','18101596883','586586586586','2019-12-31'),(588,'openid587','nickname587','18101596884','587587587587','2019-12-31'),(589,'openid588','nickname588','18101596885','588588588588','2019-12-31'),(590,'openid589','nickname589','18101596886','589589589589','2019-12-31'),(591,'openid590','nickname590','18101596887','590590590590','2019-12-31'),(592,'openid591','nickname591','18101596888','591591591591','2019-12-31'),(593,'openid592','nickname592','18101596889','592592592592','2019-12-31'),(594,'openid593','nickname593','18101596890','593593593593','2019-12-31'),(595,'openid594','nickname594','18101596891','594594594594','2019-12-31'),(596,'openid595','nickname595','18101596892','595595595595','2019-12-31'),(597,'openid596','nickname596','18101596893','596596596596','2019-12-31'),(598,'openid597','nickname597','18101596894','597597597597','2019-12-31'),(599,'openid598','nickname598','18101596895','598598598598','2019-12-31'),(600,'openid599','nickname599','18101596896','599599599599','2019-12-31'),(601,'openid600','nickname600','18101596897','600600600600','2019-12-31'),(602,'openid601','nickname601','18101596898','601601601601','2019-12-31'),(603,'openid602','nickname602','18101596899','602602602602','2019-12-31'),(604,'openid603','nickname603','18101596900','603603603603','2019-12-31'),(605,'openid604','nickname604','18101596901','604604604604','2019-12-31'),(606,'openid605','nickname605','18101596902','605605605605','2019-12-31'),(607,'openid606','nickname606','18101596903','606606606606','2019-12-31'),(608,'openid607','nickname607','18101596904','607607607607','2019-12-31'),(609,'openid608','nickname608','18101596905','608608608608','2019-12-31'),(610,'openid609','nickname609','18101596906','609609609609','2019-12-31'),(611,'openid610','nickname610','18101596907','610610610610','2019-12-31'),(612,'openid611','nickname611','18101596908','611611611611','2019-12-31'),(613,'openid612','nickname612','18101596909','612612612612','2019-12-31'),(614,'openid613','nickname613','18101596910','613613613613','2019-12-31'),(615,'openid614','nickname614','18101596911','614614614614','2019-12-31'),(616,'openid615','nickname615','18101596912','615615615615','2019-12-31'),(617,'openid616','nickname616','18101596913','616616616616','2019-12-31'),(618,'openid617','nickname617','18101596914','617617617617','2019-12-31'),(619,'openid618','nickname618','18101596915','618618618618','2019-12-31'),(620,'openid619','nickname619','18101596916','619619619619','2019-12-31'),(621,'openid620','nickname620','18101596917','620620620620','2019-12-31'),(622,'openid621','nickname621','18101596918','621621621621','2019-12-31'),(623,'openid622','nickname622','18101596919','622622622622','2019-12-31'),(624,'openid623','nickname623','18101596920','623623623623','2019-12-31'),(625,'openid624','nickname624','18101596921','624624624624','2019-12-31'),(626,'openid625','nickname625','18101596922','625625625625','2019-12-31'),(627,'openid626','nickname626','18101596923','626626626626','2019-12-31'),(628,'openid627','nickname627','18101596924','627627627627','2019-12-31'),(629,'openid628','nickname628','18101596925','628628628628','2019-12-31'),(630,'openid629','nickname629','18101596926','629629629629','2019-12-31'),(631,'openid630','nickname630','18101596927','630630630630','2019-12-31'),(632,'openid631','nickname631','18101596928','631631631631','2019-12-31'),(633,'openid632','nickname632','18101596929','632632632632','2019-12-31'),(634,'openid633','nickname633','18101596930','633633633633','2019-12-31'),(635,'openid634','nickname634','18101596931','634634634634','2019-12-31'),(636,'openid635','nickname635','18101596932','635635635635','2019-12-31'),(637,'openid636','nickname636','18101596933','636636636636','2019-12-31'),(638,'openid637','nickname637','18101596934','637637637637','2019-12-31'),(639,'openid638','nickname638','18101596935','638638638638','2019-12-31'),(640,'openid639','nickname639','18101596936','639639639639','2019-12-31'),(641,'openid640','nickname640','18101596937','640640640640','2019-12-31'),(642,'openid641','nickname641','18101596938','641641641641','2019-12-31'),(643,'openid642','nickname642','18101596939','642642642642','2019-12-31'),(644,'openid643','nickname643','18101596940','643643643643','2019-12-31'),(645,'openid644','nickname644','18101596941','644644644644','2019-12-31'),(646,'openid645','nickname645','18101596942','645645645645','2019-12-31'),(647,'openid646','nickname646','18101596943','646646646646','2019-12-31'),(648,'openid647','nickname647','18101596944','647647647647','2019-12-31'),(649,'openid648','nickname648','18101596945','648648648648','2019-12-31'),(650,'openid649','nickname649','18101596946','649649649649','2019-12-31'),(651,'openid650','nickname650','18101596947','650650650650','2019-12-31'),(652,'openid651','nickname651','18101596948','651651651651','2019-12-31'),(653,'openid652','nickname652','18101596949','652652652652','2019-12-31'),(654,'openid653','nickname653','18101596950','653653653653','2019-12-31'),(655,'openid654','nickname654','18101596951','654654654654','2019-12-31'),(656,'openid655','nickname655','18101596952','655655655655','2019-12-31'),(657,'openid656','nickname656','18101596953','656656656656','2019-12-31'),(658,'openid657','nickname657','18101596954','657657657657','2019-12-31'),(659,'openid658','nickname658','18101596955','658658658658','2019-12-31'),(660,'openid659','nickname659','18101596956','659659659659','2019-12-31'),(661,'openid660','nickname660','18101596957','660660660660','2019-12-31'),(662,'openid661','nickname661','18101596958','661661661661','2019-12-31'),(663,'openid662','nickname662','18101596959','662662662662','2019-12-31'),(664,'openid663','nickname663','18101596960','663663663663','2019-12-31'),(665,'openid664','nickname664','18101596961','664664664664','2019-12-31'),(666,'openid665','nickname665','18101596962','665665665665','2019-12-31'),(667,'openid666','nickname666','18101596963','666666666666','2019-12-31'),(668,'openid667','nickname667','18101596964','667667667667','2019-12-31'),(669,'openid668','nickname668','18101596965','668668668668','2019-12-31'),(670,'openid669','nickname669','18101596966','669669669669','2019-12-31'),(671,'openid670','nickname670','18101596967','670670670670','2019-12-31'),(672,'openid671','nickname671','18101596968','671671671671','2019-12-31'),(673,'openid672','nickname672','18101596969','672672672672','2019-12-31'),(674,'openid673','nickname673','18101596970','673673673673','2019-12-31'),(675,'openid674','nickname674','18101596971','674674674674','2019-12-31'),(676,'openid675','nickname675','18101596972','675675675675','2019-12-31'),(677,'openid676','nickname676','18101596973','676676676676','2019-12-31'),(678,'openid677','nickname677','18101596974','677677677677','2019-12-31'),(679,'openid678','nickname678','18101596975','678678678678','2019-12-31'),(680,'openid679','nickname679','18101596976','679679679679','2019-12-31'),(681,'openid680','nickname680','18101596977','680680680680','2019-12-31'),(682,'openid681','nickname681','18101596978','681681681681','2019-12-31'),(683,'openid682','nickname682','18101596979','682682682682','2019-12-31'),(684,'openid683','nickname683','18101596980','683683683683','2019-12-31'),(685,'openid684','nickname684','18101596981','684684684684','2019-12-31'),(686,'openid685','nickname685','18101596982','685685685685','2019-12-31'),(687,'openid686','nickname686','18101596983','686686686686','2019-12-31'),(688,'openid687','nickname687','18101596984','687687687687','2019-12-31'),(689,'openid688','nickname688','18101596985','688688688688','2019-12-31'),(690,'openid689','nickname689','18101596986','689689689689','2019-12-31'),(691,'openid690','nickname690','18101596987','690690690690','2019-12-31'),(692,'openid691','nickname691','18101596988','691691691691','2019-12-31'),(693,'openid692','nickname692','18101596989','692692692692','2019-12-31'),(694,'openid693','nickname693','18101596990','693693693693','2019-12-31'),(695,'openid694','nickname694','18101596991','694694694694','2019-12-31'),(696,'openid695','nickname695','18101596992','695695695695','2019-12-31'),(697,'openid696','nickname696','18101596993','696696696696','2019-12-31'),(698,'openid697','nickname697','18101596994','697697697697','2019-12-31'),(699,'openid698','nickname698','18101596995','698698698698','2019-12-31'),(700,'openid699','nickname699','18101596996','699699699699','2019-12-31'),(701,'openid700','nickname700','18101596997','700700700700','2019-12-31'),(702,'openid701','nickname701','18101596998','701701701701','2019-12-31'),(703,'openid702','nickname702','18101596999','702702702702','2019-12-31'),(704,'openid703','nickname703','18101597000','703703703703','2019-12-31'),(705,'openid704','nickname704','18101597001','704704704704','2019-12-31'),(706,'openid705','nickname705','18101597002','705705705705','2019-12-31'),(707,'openid706','nickname706','18101597003','706706706706','2019-12-31'),(708,'openid707','nickname707','18101597004','707707707707','2019-12-31'),(709,'openid708','nickname708','18101597005','708708708708','2019-12-31'),(710,'openid709','nickname709','18101597006','709709709709','2019-12-31'),(711,'openid710','nickname710','18101597007','710710710710','2019-12-31'),(712,'openid711','nickname711','18101597008','711711711711','2019-12-31'),(713,'openid712','nickname712','18101597009','712712712712','2019-12-31'),(714,'openid713','nickname713','18101597010','713713713713','2019-12-31'),(715,'openid714','nickname714','18101597011','714714714714','2019-12-31'),(716,'openid715','nickname715','18101597012','715715715715','2019-12-31'),(717,'openid716','nickname716','18101597013','716716716716','2019-12-31'),(718,'openid717','nickname717','18101597014','717717717717','2019-12-31'),(719,'openid718','nickname718','18101597015','718718718718','2019-12-31'),(720,'openid719','nickname719','18101597016','719719719719','2019-12-31'),(721,'openid720','nickname720','18101597017','720720720720','2019-12-31'),(722,'openid721','nickname721','18101597018','721721721721','2019-12-31'),(723,'openid722','nickname722','18101597019','722722722722','2019-12-31'),(724,'openid723','nickname723','18101597020','723723723723','2019-12-31'),(725,'openid724','nickname724','18101597021','724724724724','2019-12-31'),(726,'openid725','nickname725','18101597022','725725725725','2019-12-31'),(727,'openid726','nickname726','18101597023','726726726726','2019-12-31'),(728,'openid727','nickname727','18101597024','727727727727','2019-12-31'),(729,'openid728','nickname728','18101597025','728728728728','2019-12-31'),(730,'openid729','nickname729','18101597026','729729729729','2019-12-31'),(731,'openid730','nickname730','18101597027','730730730730','2019-12-31'),(732,'openid731','nickname731','18101597028','731731731731','2019-12-31'),(733,'openid732','nickname732','18101597029','732732732732','2019-12-31'),(734,'openid733','nickname733','18101597030','733733733733','2019-12-31'),(735,'openid734','nickname734','18101597031','734734734734','2019-12-31'),(736,'openid735','nickname735','18101597032','735735735735','2019-12-31'),(737,'openid736','nickname736','18101597033','736736736736','2019-12-31'),(738,'openid737','nickname737','18101597034','737737737737','2019-12-31'),(739,'openid738','nickname738','18101597035','738738738738','2019-12-31'),(740,'openid739','nickname739','18101597036','739739739739','2019-12-31'),(741,'openid740','nickname740','18101597037','740740740740','2019-12-31'),(742,'openid741','nickname741','18101597038','741741741741','2019-12-31'),(743,'openid742','nickname742','18101597039','742742742742','2019-12-31'),(744,'openid743','nickname743','18101597040','743743743743','2019-12-31'),(745,'openid744','nickname744','18101597041','744744744744','2019-12-31'),(746,'openid745','nickname745','18101597042','745745745745','2019-12-31'),(747,'openid746','nickname746','18101597043','746746746746','2019-12-31'),(748,'openid747','nickname747','18101597044','747747747747','2019-12-31'),(749,'openid748','nickname748','18101597045','748748748748','2019-12-31'),(750,'openid749','nickname749','18101597046','749749749749','2019-12-31'),(751,'openid750','nickname750','18101597047','750750750750','2019-12-31'),(752,'openid751','nickname751','18101597048','751751751751','2019-12-31'),(753,'openid752','nickname752','18101597049','752752752752','2019-12-31'),(754,'openid753','nickname753','18101597050','753753753753','2019-12-31'),(755,'openid754','nickname754','18101597051','754754754754','2019-12-31'),(756,'openid755','nickname755','18101597052','755755755755','2019-12-31'),(757,'openid756','nickname756','18101597053','756756756756','2019-12-31'),(758,'openid757','nickname757','18101597054','757757757757','2019-12-31'),(759,'openid758','nickname758','18101597055','758758758758','2019-12-31'),(760,'openid759','nickname759','18101597056','759759759759','2019-12-31'),(761,'openid760','nickname760','18101597057','760760760760','2019-12-31'),(762,'openid761','nickname761','18101597058','761761761761','2019-12-31'),(763,'openid762','nickname762','18101597059','762762762762','2019-12-31'),(764,'openid763','nickname763','18101597060','763763763763','2019-12-31'),(765,'openid764','nickname764','18101597061','764764764764','2019-12-31'),(766,'openid765','nickname765','18101597062','765765765765','2019-12-31'),(767,'openid766','nickname766','18101597063','766766766766','2019-12-31'),(768,'openid767','nickname767','18101597064','767767767767','2019-12-31'),(769,'openid768','nickname768','18101597065','768768768768','2019-12-31'),(770,'openid769','nickname769','18101597066','769769769769','2019-12-31'),(771,'openid770','nickname770','18101597067','770770770770','2019-12-31'),(772,'openid771','nickname771','18101597068','771771771771','2019-12-31'),(773,'openid772','nickname772','18101597069','772772772772','2019-12-31'),(774,'openid773','nickname773','18101597070','773773773773','2019-12-31'),(775,'openid774','nickname774','18101597071','774774774774','2019-12-31'),(776,'openid775','nickname775','18101597072','775775775775','2019-12-31'),(777,'openid776','nickname776','18101597073','776776776776','2019-12-31'),(778,'openid777','nickname777','18101597074','777777777777','2019-12-31'),(779,'openid778','nickname778','18101597075','778778778778','2019-12-31'),(780,'openid779','nickname779','18101597076','779779779779','2019-12-31'),(781,'openid780','nickname780','18101597077','780780780780','2019-12-31'),(782,'openid781','nickname781','18101597078','781781781781','2019-12-31'),(783,'openid782','nickname782','18101597079','782782782782','2019-12-31'),(784,'openid783','nickname783','18101597080','783783783783','2019-12-31'),(785,'openid784','nickname784','18101597081','784784784784','2019-12-31'),(786,'openid785','nickname785','18101597082','785785785785','2019-12-31'),(787,'openid786','nickname786','18101597083','786786786786','2019-12-31'),(788,'openid787','nickname787','18101597084','787787787787','2019-12-31'),(789,'openid788','nickname788','18101597085','788788788788','2019-12-31'),(790,'openid789','nickname789','18101597086','789789789789','2019-12-31'),(791,'openid790','nickname790','18101597087','790790790790','2019-12-31'),(792,'openid791','nickname791','18101597088','791791791791','2019-12-31'),(793,'openid792','nickname792','18101597089','792792792792','2019-12-31'),(794,'openid793','nickname793','18101597090','793793793793','2019-12-31'),(795,'openid794','nickname794','18101597091','794794794794','2019-12-31'),(796,'openid795','nickname795','18101597092','795795795795','2019-12-31'),(797,'openid796','nickname796','18101597093','796796796796','2019-12-31'),(798,'openid797','nickname797','18101597094','797797797797','2019-12-31'),(799,'openid798','nickname798','18101597095','798798798798','2019-12-31'),(800,'openid799','nickname799','18101597096','799799799799','2019-12-31'),(801,'openid800','nickname800','18101597097','800800800800','2019-12-31'),(802,'openid801','nickname801','18101597098','801801801801','2019-12-31'),(803,'openid802','nickname802','18101597099','802802802802','2019-12-31'),(804,'openid803','nickname803','18101597100','803803803803','2019-12-31'),(805,'openid804','nickname804','18101597101','804804804804','2019-12-31'),(806,'openid805','nickname805','18101597102','805805805805','2019-12-31'),(807,'openid806','nickname806','18101597103','806806806806','2019-12-31'),(808,'openid807','nickname807','18101597104','807807807807','2019-12-31'),(809,'openid808','nickname808','18101597105','808808808808','2019-12-31'),(810,'openid809','nickname809','18101597106','809809809809','2019-12-31'),(811,'openid810','nickname810','18101597107','810810810810','2019-12-31'),(812,'openid811','nickname811','18101597108','811811811811','2019-12-31'),(813,'openid812','nickname812','18101597109','812812812812','2019-12-31'),(814,'openid813','nickname813','18101597110','813813813813','2019-12-31'),(815,'openid814','nickname814','18101597111','814814814814','2019-12-31'),(816,'openid815','nickname815','18101597112','815815815815','2019-12-31'),(817,'openid816','nickname816','18101597113','816816816816','2019-12-31'),(818,'openid817','nickname817','18101597114','817817817817','2019-12-31'),(819,'openid818','nickname818','18101597115','818818818818','2019-12-31'),(820,'openid819','nickname819','18101597116','819819819819','2019-12-31'),(821,'openid820','nickname820','18101597117','820820820820','2019-12-31'),(822,'openid821','nickname821','18101597118','821821821821','2019-12-31'),(823,'openid822','nickname822','18101597119','822822822822','2019-12-31'),(824,'openid823','nickname823','18101597120','823823823823','2019-12-31'),(825,'openid824','nickname824','18101597121','824824824824','2019-12-31'),(826,'openid825','nickname825','18101597122','825825825825','2019-12-31'),(827,'openid826','nickname826','18101597123','826826826826','2019-12-31'),(828,'openid827','nickname827','18101597124','827827827827','2019-12-31'),(829,'openid828','nickname828','18101597125','828828828828','2019-12-31'),(830,'openid829','nickname829','18101597126','829829829829','2019-12-31'),(831,'openid830','nickname830','18101597127','830830830830','2019-12-31'),(832,'openid831','nickname831','18101597128','831831831831','2019-12-31'),(833,'openid832','nickname832','18101597129','832832832832','2019-12-31'),(834,'openid833','nickname833','18101597130','833833833833','2019-12-31'),(835,'openid834','nickname834','18101597131','834834834834','2019-12-31'),(836,'openid835','nickname835','18101597132','835835835835','2019-12-31'),(837,'openid836','nickname836','18101597133','836836836836','2019-12-31'),(838,'openid837','nickname837','18101597134','837837837837','2019-12-31'),(839,'openid838','nickname838','18101597135','838838838838','2019-12-31'),(840,'openid839','nickname839','18101597136','839839839839','2019-12-31'),(841,'openid840','nickname840','18101597137','840840840840','2019-12-31'),(842,'openid841','nickname841','18101597138','841841841841','2019-12-31'),(843,'openid842','nickname842','18101597139','842842842842','2019-12-31'),(844,'openid843','nickname843','18101597140','843843843843','2019-12-31'),(845,'openid844','nickname844','18101597141','844844844844','2019-12-31'),(846,'openid845','nickname845','18101597142','845845845845','2019-12-31'),(847,'openid846','nickname846','18101597143','846846846846','2019-12-31'),(848,'openid847','nickname847','18101597144','847847847847','2019-12-31'),(849,'openid848','nickname848','18101597145','848848848848','2019-12-31'),(850,'openid849','nickname849','18101597146','849849849849','2019-12-31'),(851,'openid850','nickname850','18101597147','850850850850','2019-12-31'),(852,'openid851','nickname851','18101597148','851851851851','2019-12-31'),(853,'openid852','nickname852','18101597149','852852852852','2019-12-31'),(854,'openid853','nickname853','18101597150','853853853853','2019-12-31'),(855,'openid854','nickname854','18101597151','854854854854','2019-12-31'),(856,'openid855','nickname855','18101597152','855855855855','2019-12-31'),(857,'openid856','nickname856','18101597153','856856856856','2019-12-31'),(858,'openid857','nickname857','18101597154','857857857857','2019-12-31'),(859,'openid858','nickname858','18101597155','858858858858','2019-12-31'),(860,'openid859','nickname859','18101597156','859859859859','2019-12-31'),(861,'openid860','nickname860','18101597157','860860860860','2019-12-31'),(862,'openid861','nickname861','18101597158','861861861861','2019-12-31'),(863,'openid862','nickname862','18101597159','862862862862','2019-12-31'),(864,'openid863','nickname863','18101597160','863863863863','2019-12-31'),(865,'openid864','nickname864','18101597161','864864864864','2019-12-31'),(866,'openid865','nickname865','18101597162','865865865865','2019-12-31'),(867,'openid866','nickname866','18101597163','866866866866','2019-12-31'),(868,'openid867','nickname867','18101597164','867867867867','2019-12-31'),(869,'openid868','nickname868','18101597165','868868868868','2019-12-31'),(870,'openid869','nickname869','18101597166','869869869869','2019-12-31'),(871,'openid870','nickname870','18101597167','870870870870','2019-12-31'),(872,'openid871','nickname871','18101597168','871871871871','2019-12-31'),(873,'openid872','nickname872','18101597169','872872872872','2019-12-31'),(874,'openid873','nickname873','18101597170','873873873873','2019-12-31'),(875,'openid874','nickname874','18101597171','874874874874','2019-12-31'),(876,'openid875','nickname875','18101597172','875875875875','2019-12-31'),(877,'openid876','nickname876','18101597173','876876876876','2019-12-31'),(878,'openid877','nickname877','18101597174','877877877877','2019-12-31'),(879,'openid878','nickname878','18101597175','878878878878','2019-12-31'),(880,'openid879','nickname879','18101597176','879879879879','2019-12-31'),(881,'openid880','nickname880','18101597177','880880880880','2019-12-31'),(882,'openid881','nickname881','18101597178','881881881881','2019-12-31'),(883,'openid882','nickname882','18101597179','882882882882','2019-12-31'),(884,'openid883','nickname883','18101597180','883883883883','2019-12-31'),(885,'openid884','nickname884','18101597181','884884884884','2019-12-31'),(886,'openid885','nickname885','18101597182','885885885885','2019-12-31'),(887,'openid886','nickname886','18101597183','886886886886','2019-12-31'),(888,'openid887','nickname887','18101597184','887887887887','2019-12-31'),(889,'openid888','nickname888','18101597185','888888888888','2019-12-31'),(890,'openid889','nickname889','18101597186','889889889889','2019-12-31'),(891,'openid890','nickname890','18101597187','890890890890','2019-12-31'),(892,'openid891','nickname891','18101597188','891891891891','2019-12-31'),(893,'openid892','nickname892','18101597189','892892892892','2019-12-31'),(894,'openid893','nickname893','18101597190','893893893893','2019-12-31'),(895,'openid894','nickname894','18101597191','894894894894','2019-12-31'),(896,'openid895','nickname895','18101597192','895895895895','2019-12-31'),(897,'openid896','nickname896','18101597193','896896896896','2019-12-31'),(898,'openid897','nickname897','18101597194','897897897897','2019-12-31'),(899,'openid898','nickname898','18101597195','898898898898','2019-12-31'),(900,'openid899','nickname899','18101597196','899899899899','2019-12-31'),(901,'openid900','nickname900','18101597197','900900900900','2019-12-31'),(902,'openid901','nickname901','18101597198','901901901901','2019-12-31'),(903,'openid902','nickname902','18101597199','902902902902','2019-12-31'),(904,'openid903','nickname903','18101597200','903903903903','2019-12-31'),(905,'openid904','nickname904','18101597201','904904904904','2019-12-31'),(906,'openid905','nickname905','18101597202','905905905905','2019-12-31'),(907,'openid906','nickname906','18101597203','906906906906','2019-12-31'),(908,'openid907','nickname907','18101597204','907907907907','2019-12-31'),(909,'openid908','nickname908','18101597205','908908908908','2019-12-31'),(910,'openid909','nickname909','18101597206','909909909909','2019-12-31'),(911,'openid910','nickname910','18101597207','910910910910','2019-12-31'),(912,'openid911','nickname911','18101597208','911911911911','2019-12-31'),(913,'openid912','nickname912','18101597209','912912912912','2019-12-31'),(914,'openid913','nickname913','18101597210','913913913913','2019-12-31'),(915,'openid914','nickname914','18101597211','914914914914','2019-12-31'),(916,'openid915','nickname915','18101597212','915915915915','2019-12-31'),(917,'openid916','nickname916','18101597213','916916916916','2019-12-31'),(918,'openid917','nickname917','18101597214','917917917917','2019-12-31'),(919,'openid918','nickname918','18101597215','918918918918','2019-12-31'),(920,'openid919','nickname919','18101597216','919919919919','2019-12-31'),(921,'openid920','nickname920','18101597217','920920920920','2019-12-31'),(922,'openid921','nickname921','18101597218','921921921921','2019-12-31'),(923,'openid922','nickname922','18101597219','922922922922','2019-12-31'),(924,'openid923','nickname923','18101597220','923923923923','2019-12-31'),(925,'openid924','nickname924','18101597221','924924924924','2019-12-31'),(926,'openid925','nickname925','18101597222','925925925925','2019-12-31'),(927,'openid926','nickname926','18101597223','926926926926','2019-12-31'),(928,'openid927','nickname927','18101597224','927927927927','2019-12-31'),(929,'openid928','nickname928','18101597225','928928928928','2019-12-31'),(930,'openid929','nickname929','18101597226','929929929929','2019-12-31'),(931,'openid930','nickname930','18101597227','930930930930','2019-12-31'),(932,'openid931','nickname931','18101597228','931931931931','2019-12-31'),(933,'openid932','nickname932','18101597229','932932932932','2019-12-31'),(934,'openid933','nickname933','18101597230','933933933933','2019-12-31'),(935,'openid934','nickname934','18101597231','934934934934','2019-12-31'),(936,'openid935','nickname935','18101597232','935935935935','2019-12-31'),(937,'openid936','nickname936','18101597233','936936936936','2019-12-31'),(938,'openid937','nickname937','18101597234','937937937937','2019-12-31'),(939,'openid938','nickname938','18101597235','938938938938','2019-12-31'),(940,'openid939','nickname939','18101597236','939939939939','2019-12-31'),(941,'openid940','nickname940','18101597237','940940940940','2019-12-31'),(942,'openid941','nickname941','18101597238','941941941941','2019-12-31'),(943,'openid942','nickname942','18101597239','942942942942','2019-12-31'),(944,'openid943','nickname943','18101597240','943943943943','2019-12-31'),(945,'openid944','nickname944','18101597241','944944944944','2019-12-31'),(946,'openid945','nickname945','18101597242','945945945945','2019-12-31'),(947,'openid946','nickname946','18101597243','946946946946','2019-12-31'),(948,'openid947','nickname947','18101597244','947947947947','2019-12-31'),(949,'openid948','nickname948','18101597245','948948948948','2019-12-31'),(950,'openid949','nickname949','18101597246','949949949949','2019-12-31'),(951,'openid950','nickname950','18101597247','950950950950','2019-12-31'),(952,'openid951','nickname951','18101597248','951951951951','2019-12-31'),(953,'openid952','nickname952','18101597249','952952952952','2019-12-31'),(954,'openid953','nickname953','18101597250','953953953953','2019-12-31'),(955,'openid954','nickname954','18101597251','954954954954','2019-12-31'),(956,'openid955','nickname955','18101597252','955955955955','2019-12-31'),(957,'openid956','nickname956','18101597253','956956956956','2019-12-31'),(958,'openid957','nickname957','18101597254','957957957957','2019-12-31'),(959,'openid958','nickname958','18101597255','958958958958','2019-12-31'),(960,'openid959','nickname959','18101597256','959959959959','2019-12-31'),(961,'openid960','nickname960','18101597257','960960960960','2019-12-31'),(962,'openid961','nickname961','18101597258','961961961961','2019-12-31'),(963,'openid962','nickname962','18101597259','962962962962','2019-12-31'),(964,'openid963','nickname963','18101597260','963963963963','2019-12-31'),(965,'openid964','nickname964','18101597261','964964964964','2019-12-31'),(966,'openid965','nickname965','18101597262','965965965965','2019-12-31'),(967,'openid966','nickname966','18101597263','966966966966','2019-12-31'),(968,'openid967','nickname967','18101597264','967967967967','2019-12-31'),(969,'openid968','nickname968','18101597265','968968968968','2019-12-31'),(970,'openid969','nickname969','18101597266','969969969969','2019-12-31'),(971,'openid970','nickname970','18101597267','970970970970','2019-12-31'),(972,'openid971','nickname971','18101597268','971971971971','2019-12-31'),(973,'openid972','nickname972','18101597269','972972972972','2019-12-31'),(974,'openid973','nickname973','18101597270','973973973973','2019-12-31'),(975,'openid974','nickname974','18101597271','974974974974','2019-12-31'),(976,'openid975','nickname975','18101597272','975975975975','2019-12-31'),(977,'openid976','nickname976','18101597273','976976976976','2019-12-31'),(978,'openid977','nickname977','18101597274','977977977977','2019-12-31'),(979,'openid978','nickname978','18101597275','978978978978','2019-12-31'),(980,'openid979','nickname979','18101597276','979979979979','2019-12-31'),(981,'openid980','nickname980','18101597277','980980980980','2019-12-31'),(982,'openid981','nickname981','18101597278','981981981981','2019-12-31'),(983,'openid982','nickname982','18101597279','982982982982','2019-12-31'),(984,'openid983','nickname983','18101597280','983983983983','2019-12-31'),(985,'openid984','nickname984','18101597281','984984984984','2019-12-31'),(986,'openid985','nickname985','18101597282','985985985985','2019-12-31'),(987,'openid986','nickname986','18101597283','986986986986','2019-12-31'),(988,'openid987','nickname987','18101597284','987987987987','2019-12-31'),(989,'openid988','nickname988','18101597285','988988988988','2019-12-31'),(990,'openid989','nickname989','18101597286','989989989989','2019-12-31'),(991,'openid990','nickname990','18101597287','990990990990','2019-12-31'),(992,'openid991','nickname991','18101597288','991991991991','2019-12-31'),(993,'openid992','nickname992','18101597289','992992992992','2019-12-31'),(994,'openid993','nickname993','18101597290','993993993993','2019-12-31'),(995,'openid994','nickname994','18101597291','994994994994','2019-12-31'),(996,'openid995','nickname995','18101597292','995995995995','2019-12-31'),(997,'openid996','nickname996','18101597293','996996996996','2019-12-31'),(998,'openid997','nickname997','18101597294','997997997997','2019-12-31'),(999,'openid998','nickname998','18101597295','998998998998','2019-12-31'),(1000,'openid999','nickname999','18101597296','999999999999','2019-12-31');
/*!40000 ALTER TABLE `eatms_user` ENABLE KEYS */;
UNLOCK TABLES;
/*!40103 SET TIME_ZONE=@OLD_TIME_ZONE */;

/*!40101 SET SQL_MODE=@OLD_SQL_MODE */;
/*!40014 SET FOREIGN_KEY_CHECKS=@OLD_FOREIGN_KEY_CHECKS */;
/*!40014 SET UNIQUE_CHECKS=@OLD_UNIQUE_CHECKS */;
/*!40101 SET CHARACTER_SET_CLIENT=@OLD_CHARACTER_SET_CLIENT */;
/*!40101 SET CHARACTER_SET_RESULTS=@OLD_CHARACTER_SET_RESULTS */;
/*!40101 SET COLLATION_CONNECTION=@OLD_COLLATION_CONNECTION */;
/*!40111 SET SQL_NOTES=@OLD_SQL_NOTES */;

-- Dump completed on 2021-01-27 20:55:33
